sample_index,sample_id,split,source_file,geometry_type,damage_type,parameter_count,p1,p2,p3,p4,p5,p6,p7,p8
0,666:0000:0_0_50_1,train,666.xlsx,upward_crack_1mm,upward_crack,4,0,0,50,1,,,,
1,666:0001:0_0_45_1,validation,666.xlsx,upward_crack_1mm,upward_crack,4,0,0,45,1,,,,
2,666:0002:0_0_40_1,train,666.xlsx,upward_crack_1mm,upward_crack,4,0,0,40,1,,,,
3,666:0003:0_0_35_1,train,666.xlsx,upward_crack_1mm,upward_crack,4,0,0,35,1,,,,
4,666:0004:0_0_30_1,train,666.xlsx,upward_crack_1mm,upward_crack,4,0,0,30,1,,,,
5,666:0005:0_0_25_1,train,666.xlsx,upward_crack_1mm,upward_crack,4,0,0,25,1,,,,
6,666:0006:0_0_20_1,test,666.xlsx,upward_crack_1mm,upward_crack,4,0,0,20,1,,,,
7,666:0007:0_0_15_1,train,666.xlsx,upward_crack_1mm,upward_crack,4,0,0,15,1,,,,
8,666:0008:0_0_10_1,validation,666.xlsx,upward_crack_1mm,upward_crack,4,0,0,10,1,,,,
9,666:0009:0_0_5_1,validation,666.xlsx,upward_crack_1mm,upward_crack,4,0,0,5,1,,,,
10,666:0010:5_0_50_1,train,666.xlsx,upward_crack_1mm,upward_crack,4,5,0,50,1,,,,
11,666:0011:5_0_45_1,train,666.xlsx,upward_crack_1mm,upward_crack,4,5,0,45,1,,,,
12,666:0012:5_0_40_1,test,666.xlsx,upward_crack_1mm,upward_crack,4,5,0,40,1,,,,
13,666:0013:5_0_35_1,test,666.xlsx,upward_crack_1mm,upward_crack,4,5,0,35,1,,,,
14,666:0014:5_0_30_1,train,666.xlsx,upward_crack_1mm,upward_crack,4,5,0,30,1,,,,
15,666:0015:5_0_25_1,train,666.xlsx,upward_crack_1mm,upward_crack,4,5,0,25,1,,,,
16,666:0016:5_0_20_1,train,666.xlsx,upward_crack_1mm,upward_crack,4,5,0,20,1,,,,
17,666:0017:5_0_15_1,train,666.xlsx,upward_crack_1mm,upward_crack,4,5,0,15,1,,,,
18,666:0018:5_0_10_1,train,666.xlsx,upward_crack_1mm,upward_crack,4,5,0,10,1,,,,
19,666:0019:5_0_5_1,train,666.xlsx,upward_crack_1mm,upward_crack,4,5,0,5,1,,,,
20,666:0020:10_0_50_1,validation,666.xlsx,upward_crack_1mm,upward_crack,4,10,0,50,1,,,,
21,666:0021:10_0_45_1,train,666.xlsx,upward_crack_1mm,upward_crack,4,10,0,45,1,,,,
22,666:0022:10_0_40_1,train,666.xlsx,upward_crack_1mm,upward_crack,4,10,0,40,1,,,,
23,666:0023:10_0_35_1,train,666.xlsx,upward_crack_1mm,upward_crack,4,10,0,35,1,,,,
24,666:0024:10_0_30_1,train,666.xlsx,upward_crack_1mm,upward_crack,4,10,0,30,1,,,,
25,666:0025:10_0_25_1,train,666.xlsx,upward_crack_1mm,upward_crack,4,10,0,25,1,,,,
26,666:0026:10_0_20_1,train,666.xlsx,upward_crack_1mm,upward_crack,4,10,0,20,1,,,,
27,666:0027:10_0_15_1,train,666.xlsx,upward_crack_1mm,upward_crack,4,10,0,15,1,,,,
28,666:0028:10_0_10_1,train,666.xlsx,upward_crack_1mm,upward_crack,4,10,0,10,1,,,,
29,666:0029:10_0_5_1,train,666.xlsx,upward_crack_1mm,upward_crack,4,10,0,5,1,,,,
30,666:0030:15_0_50_1,train,666.xlsx,upward_crack_1mm,upward_crack,4,15,0,50,1,,,,
31,666:0031:15_0_45_1,train,666.xlsx,upward_crack_1mm,upward_crack,4,15,0,45,1,,,,
32,666:0032:15_0_40_1,train,666.xlsx,upward_crack_1mm,upward_crack,4,15,0,40,1,,,,
33,666:0033:15_0_35_1,train,666.xlsx,upward_crack_1mm,upward_crack,4,15,0,35,1,,,,
34,666:0034:15_0_30_1,train,666.xlsx,upward_crack_1mm,upward_crack,4,15,0,30,1,,,,
35,666:0035:15_0_25_1,train,666.xlsx,upward_crack_1mm,upward_crack,4,15,0,25,1,,,,
36,666:0036:15_0_20_1,train,666.xlsx,upward_crack_1mm,upward_crack,4,15,0,20,1,,,,
37,666:0037:15_0_15_1,train,666.xlsx,upward_crack_1mm,upward_crack,4,15,0,15,1,,,,
38,666:0038:15_0_10_1,train,666.xlsx,upward_crack_1mm,upward_crack,4,15,0,10,1,,,,
39,666:0039:15_0_5_1,train,666.xlsx,upward_crack_1mm,upward_crack,4,15,0,5,1,,,,
40,666:0040:20_0_50_1,train,666.xlsx,upward_crack_1mm,upward_crack,4,20,0,50,1,,,,
41,666:0041:20_0_45_1,train,666.xlsx,upward_crack_1mm,upward_crack,4,20,0,45,1,,,,
42,666:0042:20_0_40_1,train,666.xlsx,upward_crack_1mm,upward_crack,4,20,0,40,1,,,,
43,666:0043:20_0_35_1,train,666.xlsx,upward_crack_1mm,upward_crack,4,20,0,35,1,,,,
44,666:0044:20_0_30_1,train,666.xlsx,upward_crack_1mm,upward_crack,4,20,0,30,1,,,,
45,666:0045:20_0_25_1,train,666.xlsx,upward_crack_1mm,upward_crack,4,20,0,25,1,,,,
46,666:0046:20_0_20_1,train,666.xlsx,upward_crack_1mm,upward_crack,4,20,0,20,1,,,,
47,666:0047:20_0_15_1,train,666.xlsx,upward_crack_1mm,upward_crack,4,20,0,15,1,,,,
48,666:0048:20_0_10_1,train,666.xlsx,upward_crack_1mm,upward_crack,4,20,0,10,1,,,,
49,666:0049:20_0_5_1,train,666.xlsx,upward_crack_1mm,upward_crack,4,20,0,5,1,,,,
50,666:0050:25_0_50_1,train,666.xlsx,upward_crack_1mm,upward_crack,4,25,0,50,1,,,,
51,666:0051:25_0_45_1,train,666.xlsx,upward_crack_1mm,upward_crack,4,25,0,45,1,,,,
52,666:0052:25_0_40_1,train,666.xlsx,upward_crack_1mm,upward_crack,4,25,0,40,1,,,,
53,666:0053:25_0_35_1,validation,666.xlsx,upward_crack_1mm,upward_crack,4,25,0,35,1,,,,
54,666:0054:25_0_30_1,train,666.xlsx,upward_crack_1mm,upward_crack,4,25,0,30,1,,,,
55,666:0055:25_0_25_1,train,666.xlsx,upward_crack_1mm,upward_crack,4,25,0,25,1,,,,
56,666:0056:25_0_20_1,train,666.xlsx,upward_crack_1mm,upward_crack,4,25,0,20,1,,,,
57,666:0057:25_0_15_1,train,666.xlsx,upward_crack_1mm,upward_crack,4,25,0,15,1,,,,
58,666:0058:25_0_10_1,validation,666.xlsx,upward_crack_1mm,upward_crack,4,25,0,10,1,,,,
59,666:0059:25_0_5_1,train,666.xlsx,upward_crack_1mm,upward_crack,4,25,0,5,1,,,,
60,666:0060:30_0_50_1,train,666.xlsx,upward_crack_1mm,upward_crack,4,30,0,50,1,,,,
61,666:0061:30_0_45_1,test,666.xlsx,upward_crack_1mm,upward_crack,4,30,0,45,1,,,,
62,666:0062:30_0_40_1,test,666.xlsx,upward_crack_1mm,upward_crack,4,30,0,40,1,,,,
63,666:0063:30_0_35_1,train,666.xlsx,upward_crack_1mm,upward_crack,4,30,0,35,1,,,,
64,666:0064:30_0_30_1,test,666.xlsx,upward_crack_1mm,upward_crack,4,30,0,30,1,,,,
65,666:0065:30_0_25_1,train,666.xlsx,upward_crack_1mm,upward_crack,4,30,0,25,1,,,,
66,666:0066:30_0_20_1,validation,666.xlsx,upward_crack_1mm,upward_crack,4,30,0,20,1,,,,
67,666:0067:30_0_15_1,train,666.xlsx,upward_crack_1mm,upward_crack,4,30,0,15,1,,,,
68,666:0068:30_0_10_1,train,666.xlsx,upward_crack_1mm,upward_crack,4,30,0,10,1,,,,
69,666:0069:30_0_5_1,train,666.xlsx,upward_crack_1mm,upward_crack,4,30,0,5,1,,,,
70,666:0070:35_0_50_1,train,666.xlsx,upward_crack_1mm,upward_crack,4,35,0,50,1,,,,
71,666:0071:35_0_45_1,validation,666.xlsx,upward_crack_1mm,upward_crack,4,35,0,45,1,,,,
72,666:0072:35_0_40_1,train,666.xlsx,upward_crack_1mm,upward_crack,4,35,0,40,1,,,,
73,666:0073:35_0_35_1,train,666.xlsx,upward_crack_1mm,upward_crack,4,35,0,35,1,,,,
74,666:0074:35_0_30_1,train,666.xlsx,upward_crack_1mm,upward_crack,4,35,0,30,1,,,,
75,666:0075:35_0_25_1,train,666.xlsx,upward_crack_1mm,upward_crack,4,35,0,25,1,,,,
76,666:0076:35_0_20_1,train,666.xlsx,upward_crack_1mm,upward_crack,4,35,0,20,1,,,,
77,666:0077:35_0_15_1,train,666.xlsx,upward_crack_1mm,upward_crack,4,35,0,15,1,,,,
78,666:0078:35_0_10_1,test,666.xlsx,upward_crack_1mm,upward_crack,4,35,0,10,1,,,,
79,666:0079:35_0_5_1,train,666.xlsx,upward_crack_1mm,upward_crack,4,35,0,5,1,,,,
80,666:0080:40_0_50_1,validation,666.xlsx,upward_crack_1mm,upward_crack,4,40,0,50,1,,,,
81,666:0081:40_0_45_1,train,666.xlsx,upward_crack_1mm,upward_crack,4,40,0,45,1,,,,
82,666:0082:40_0_40_1,train,666.xlsx,upward_crack_1mm,upward_crack,4,40,0,40,1,,,,
83,666:0083:40_0_35_1,train,666.xlsx,upward_crack_1mm,upward_crack,4,40,0,35,1,,,,
84,666:0084:40_0_30_1,train,666.xlsx,upward_crack_1mm,upward_crack,4,40,0,30,1,,,,
85,666:0085:40_0_25_1,test,666.xlsx,upward_crack_1mm,upward_crack,4,40,0,25,1,,,,
86,666:0086:40_0_20_1,train,666.xlsx,upward_crack_1mm,upward_crack,4,40,0,20,1,,,,
87,666:0087:40_0_15_1,train,666.xlsx,upward_crack_1mm,upward_crack,4,40,0,15,1,,,,
88,666:0088:40_0_10_1,train,666.xlsx,upward_crack_1mm,upward_crack,4,40,0,10,1,,,,
89,666:0089:40_0_5_1,train,666.xlsx,upward_crack_1mm,upward_crack,4,40,0,5,1,,,,
90,666:0090:45_0_50_1,validation,666.xlsx,upward_crack_1mm,upward_crack,4,45,0,50,1,,,,
91,666:0091:45_0_45_1,test,666.xlsx,upward_crack_1mm,upward_crack,4,45,0,45,1,,,,
92,666:0092:45_0_40_1,train,666.xlsx,upward_crack_1mm,upward_crack,4,45,0,40,1,,,,
93,666:0093:45_0_35_1,train,666.xlsx,upward_crack_1mm,upward_crack,4,45,0,35,1,,,,
94,666:0094:45_0_30_1,train,666.xlsx,upward_crack_1mm,upward_crack,4,45,0,30,1,,,,
95,666:0095:45_0_25_1,train,666.xlsx,upward_crack_1mm,upward_crack,4,45,0,25,1,,,,
96,666:0096:45_0_20_1,train,666.xlsx,upward_crack_1mm,upward_crack,4,45,0,20,1,,,,
97,666:0097:45_0_15_1,validation,666.xlsx,upward_crack_1mm,upward_crack,4,45,0,15,1,,,,
98,666:0098:45_0_10_1,train,666.xlsx,upward_crack_1mm,upward_crack,4,45,0,10,1,,,,
99,666:0099:45_0_5_1,train,666.xlsx,upward_crack_1mm,upward_crack,4,45,0,5,1,,,,
100,666:0100:50_0_50_1,train,666.xlsx,upward_crack_1mm,upward_crack,4,50,0,50,1,,,,
101,666:0101:50_0_45_1,train,666.xlsx,upward_crack_1mm,upward_crack,4,50,0,45,1,,,,
102,666:0102:50_0_40_1,train,666.xlsx,upward_crack_1mm,upward_crack,4,50,0,40,1,,,,
103,666:0103:50_0_35_1,train,666.xlsx,upward_crack_1mm,upward_crack,4,50,0,35,1,,,,
104,666:0104:50_0_30_1,train,666.xlsx,upward_crack_1mm,upward_crack,4,50,0,30,1,,,,
105,666:0105:50_0_25_1,train,666.xlsx,upward_crack_1mm,upward_crack,4,50,0,25,1,,,,
106,666:0106:50_0_20_1,train,666.xlsx,upward_crack_1mm,upward_crack,4,50,0,20,1,,,,
107,666:0107:50_0_15_1,train,666.xlsx,upward_crack_1mm,upward_crack,4,50,0,15,1,,,,
108,666:0108:50_0_10_1,train,666.xlsx,upward_crack_1mm,upward_crack,4,50,0,10,1,,,,
109,666:0109:50_0_5_1,train,666.xlsx,upward_crack_1mm,upward_crack,4,50,0,5,1,,,,
110,666:0110:55_0_50_1,train,666.xlsx,upward_crack_1mm,upward_crack,4,55,0,50,1,,,,
111,666:0111:55_0_45_1,train,666.xlsx,upward_crack_1mm,upward_crack,4,55,0,45,1,,,,
112,666:0112:55_0_40_1,train,666.xlsx,upward_crack_1mm,upward_crack,4,55,0,40,1,,,,
113,666:0113:55_0_35_1,validation,666.xlsx,upward_crack_1mm,upward_crack,4,55,0,35,1,,,,
114,666:0114:55_0_30_1,train,666.xlsx,upward_crack_1mm,upward_crack,4,55,0,30,1,,,,
115,666:0115:55_0_25_1,test,666.xlsx,upward_crack_1mm,upward_crack,4,55,0,25,1,,,,
116,666:0116:55_0_20_1,train,666.xlsx,upward_crack_1mm,upward_crack,4,55,0,20,1,,,,
117,666:0117:55_0_15_1,train,666.xlsx,upward_crack_1mm,upward_crack,4,55,0,15,1,,,,
118,666:0118:55_0_10_1,train,666.xlsx,upward_crack_1mm,upward_crack,4,55,0,10,1,,,,
119,666:0119:55_0_5_1,train,666.xlsx,upward_crack_1mm,upward_crack,4,55,0,5,1,,,,
120,666:0120:60_0_50_1,train,666.xlsx,upward_crack_1mm,upward_crack,4,60,0,50,1,,,,
121,666:0121:60_0_45_1,train,666.xlsx,upward_crack_1mm,upward_crack,4,60,0,45,1,,,,
122,666:0122:60_0_40_1,train,666.xlsx,upward_crack_1mm,upward_crack,4,60,0,40,1,,,,
123,666:0123:60_0_35_1,train,666.xlsx,upward_crack_1mm,upward_crack,4,60,0,35,1,,,,
124,666:0124:60_0_30_1,train,666.xlsx,upward_crack_1mm,upward_crack,4,60,0,30,1,,,,
125,666:0125:60_0_25_1,train,666.xlsx,upward_crack_1mm,upward_crack,4,60,0,25,1,,,,
126,666:0126:60_0_20_1,train,666.xlsx,upward_crack_1mm,upward_crack,4,60,0,20,1,,,,
127,666:0127:60_0_15_1,train,666.xlsx,upward_crack_1mm,upward_crack,4,60,0,15,1,,,,
128,666:0128:60_0_10_1,train,666.xlsx,upward_crack_1mm,upward_crack,4,60,0,10,1,,,,
129,666:0129:60_0_5_1,train,666.xlsx,upward_crack_1mm,upward_crack,4,60,0,5,1,,,,
130,666:0130:65_0_50_1,train,666.xlsx,upward_crack_1mm,upward_crack,4,65,0,50,1,,,,
131,666:0131:65_0_45_1,train,666.xlsx,upward_crack_1mm,upward_crack,4,65,0,45,1,,,,
132,666:0132:65_0_40_1,test,666.xlsx,upward_crack_1mm,upward_crack,4,65,0,40,1,,,,
133,666:0133:65_0_35_1,train,666.xlsx,upward_crack_1mm,upward_crack,4,65,0,35,1,,,,
134,666:0134:65_0_30_1,train,666.xlsx,upward_crack_1mm,upward_crack,4,65,0,30,1,,,,
135,666:0135:65_0_25_1,train,666.xlsx,upward_crack_1mm,upward_crack,4,65,0,25,1,,,,
136,666:0136:65_0_20_1,train,666.xlsx,upward_crack_1mm,upward_crack,4,65,0,20,1,,,,
137,666:0137:65_0_15_1,test,666.xlsx,upward_crack_1mm,upward_crack,4,65,0,15,1,,,,
138,666:0138:65_0_10_1,train,666.xlsx,upward_crack_1mm,upward_crack,4,65,0,10,1,,,,
139,666:0139:65_0_5_1,train,666.xlsx,upward_crack_1mm,upward_crack,4,65,0,5,1,,,,
140,666:0140:70_0_50_1,train,666.xlsx,upward_crack_1mm,upward_crack,4,70,0,50,1,,,,
141,666:0141:70_0_45_1,train,666.xlsx,upward_crack_1mm,upward_crack,4,70,0,45,1,,,,
142,666:0142:70_0_40_1,train,666.xlsx,upward_crack_1mm,upward_crack,4,70,0,40,1,,,,
143,666:0143:70_0_35_1,train,666.xlsx,upward_crack_1mm,upward_crack,4,70,0,35,1,,,,
144,666:0144:70_0_30_1,train,666.xlsx,upward_crack_1mm,upward_crack,4,70,0,30,1,,,,
145,666:0145:70_0_25_1,train,666.xlsx,upward_crack_1mm,upward_crack,4,70,0,25,1,,,,
146,666:0146:70_0_20_1,train,666.xlsx,upward_crack_1mm,upward_crack,4,70,0,20,1,,,,
147,666:0147:70_0_15_1,train,666.xlsx,upward_crack_1mm,upward_crack,4,70,0,15,1,,,,
148,666:0148:70_0_10_1,test,666.xlsx,upward_crack_1mm,upward_crack,4,70,0,10,1,,,,
149,666:0149:70_0_5_1,train,666.xlsx,upward_crack_1mm,upward_crack,4,70,0,5,1,,,,
150,666:0150:75_0_50_1,train,666.xlsx,upward_crack_1mm,upward_crack,4,75,0,50,1,,,,
151,666:0151:75_0_45_1,validation,666.xlsx,upward_crack_1mm,upward_crack,4,75,0,45,1,,,,
152,666:0152:75_0_40_1,train,666.xlsx,upward_crack_1mm,upward_crack,4,75,0,40,1,,,,
153,666:0153:75_0_35_1,train,666.xlsx,upward_crack_1mm,upward_crack,4,75,0,35,1,,,,
154,666:0154:75_0_30_1,test,666.xlsx,upward_crack_1mm,upward_crack,4,75,0,30,1,,,,
155,666:0155:75_0_25_1,train,666.xlsx,upward_crack_1mm,upward_crack,4,75,0,25,1,,,,
156,666:0156:75_0_20_1,train,666.xlsx,upward_crack_1mm,upward_crack,4,75,0,20,1,,,,
157,666:0157:75_0_15_1,train,666.xlsx,upward_crack_1mm,upward_crack,4,75,0,15,1,,,,
158,666:0158:75_0_10_1,train,666.xlsx,upward_crack_1mm,upward_crack,4,75,0,10,1,,,,
159,666:0159:75_0_5_1,test,666.xlsx,upward_crack_1mm,upward_crack,4,75,0,5,1,,,,
160,666:0160:80_0_50_1,train,666.xlsx,upward_crack_1mm,upward_crack,4,80,0,50,1,,,,
161,666:0161:80_0_45_1,train,666.xlsx,upward_crack_1mm,upward_crack,4,80,0,45,1,,,,
162,666:0162:80_0_40_1,train,666.xlsx,upward_crack_1mm,upward_crack,4,80,0,40,1,,,,
163,666:0163:80_0_35_1,train,666.xlsx,upward_crack_1mm,upward_crack,4,80,0,35,1,,,,
164,666:0164:80_0_30_1,train,666.xlsx,upward_crack_1mm,upward_crack,4,80,0,30,1,,,,
165,666:0165:80_0_25_1,train,666.xlsx,upward_crack_1mm,upward_crack,4,80,0,25,1,,,,
166,666:0166:80_0_20_1,train,666.xlsx,upward_crack_1mm,upward_crack,4,80,0,20,1,,,,
167,666:0167:80_0_15_1,train,666.xlsx,upward_crack_1mm,upward_crack,4,80,0,15,1,,,,
168,666:0168:80_0_10_1,train,666.xlsx,upward_crack_1mm,upward_crack,4,80,0,10,1,,,,
169,666:0169:80_0_5_1,validation,666.xlsx,upward_crack_1mm,upward_crack,4,80,0,5,1,,,,
170,666:0170:85_0_50_1,train,666.xlsx,upward_crack_1mm,upward_crack,4,85,0,50,1,,,,
171,666:0171:85_0_45_1,train,666.xlsx,upward_crack_1mm,upward_crack,4,85,0,45,1,,,,
172,666:0172:85_0_40_1,test,666.xlsx,upward_crack_1mm,upward_crack,4,85,0,40,1,,,,
173,666:0173:85_0_35_1,train,666.xlsx,upward_crack_1mm,upward_crack,4,85,0,35,1,,,,
174,666:0174:85_0_30_1,train,666.xlsx,upward_crack_1mm,upward_crack,4,85,0,30,1,,,,
175,666:0175:85_0_25_1,train,666.xlsx,upward_crack_1mm,upward_crack,4,85,0,25,1,,,,
176,666:0176:85_0_20_1,train,666.xlsx,upward_crack_1mm,upward_crack,4,85,0,20,1,,,,
177,666:0177:85_0_15_1,test,666.xlsx,upward_crack_1mm,upward_crack,4,85,0,15,1,,,,
178,666:0178:85_0_10_1,train,666.xlsx,upward_crack_1mm,upward_crack,4,85,0,10,1,,,,
179,666:0179:85_0_5_1,train,666.xlsx,upward_crack_1mm,upward_crack,4,85,0,5,1,,,,
180,666:0180:90_0_50_1,test,666.xlsx,upward_crack_1mm,upward_crack,4,90,0,50,1,,,,
181,666:0181:90_0_45_1,train,666.xlsx,upward_crack_1mm,upward_crack,4,90,0,45,1,,,,
182,666:0182:90_0_40_1,test,666.xlsx,upward_crack_1mm,upward_crack,4,90,0,40,1,,,,
183,666:0183:90_0_35_1,train,666.xlsx,upward_crack_1mm,upward_crack,4,90,0,35,1,,,,
184,666:0184:90_0_30_1,train,666.xlsx,upward_crack_1mm,upward_crack,4,90,0,30,1,,,,
185,666:0185:90_0_25_1,validation,666.xlsx,upward_crack_1mm,upward_crack,4,90,0,25,1,,,,
186,666:0186:90_0_20_1,train,666.xlsx,upward_crack_1mm,upward_crack,4,90,0,20,1,,,,
187,666:0187:90_0_15_1,validation,666.xlsx,upward_crack_1mm,upward_crack,4,90,0,15,1,,,,
188,666:0188:90_0_10_1,train,666.xlsx,upward_crack_1mm,upward_crack,4,90,0,10,1,,,,
189,666:0189:90_0_5_1,train,666.xlsx,upward_crack_1mm,upward_crack,4,90,0,5,1,,,,
190,666:0190:95_0_50_1,test,666.xlsx,upward_crack_1mm,upward_crack,4,95,0,50,1,,,,
191,666:0191:95_0_45_1,validation,666.xlsx,upward_crack_1mm,upward_crack,4,95,0,45,1,,,,
192,666:0192:95_0_40_1,train,666.xlsx,upward_crack_1mm,upward_crack,4,95,0,40,1,,,,
193,666:0193:95_0_35_1,validation,666.xlsx,upward_crack_1mm,upward_crack,4,95,0,35,1,,,,
194,666:0194:95_0_30_1,train,666.xlsx,upward_crack_1mm,upward_crack,4,95,0,30,1,,,,
195,666:0195:95_0_25_1,train,666.xlsx,upward_crack_1mm,upward_crack,4,95,0,25,1,,,,
196,666:0196:95_0_20_1,train,666.xlsx,upward_crack_1mm,upward_crack,4,95,0,20,1,,,,
197,666:0197:95_0_15_1,train,666.xlsx,upward_crack_1mm,upward_crack,4,95,0,15,1,,,,
198,666:0198:95_0_10_1,train,666.xlsx,upward_crack_1mm,upward_crack,4,95,0,10,1,,,,
199,666:0199:95_0_5_1,train,666.xlsx,upward_crack_1mm,upward_crack,4,95,0,5,1,,,,
200,666:0200:100_0_50_1,train,666.xlsx,upward_crack_1mm,upward_crack,4,100,0,50,1,,,,
201,666:0201:100_0_45_1,train,666.xlsx,upward_crack_1mm,upward_crack,4,100,0,45,1,,,,
202,666:0202:100_0_40_1,train,666.xlsx,upward_crack_1mm,upward_crack,4,100,0,40,1,,,,
203,666:0203:100_0_35_1,train,666.xlsx,upward_crack_1mm,upward_crack,4,100,0,35,1,,,,
204,666:0204:100_0_30_1,train,666.xlsx,upward_crack_1mm,upward_crack,4,100,0,30,1,,,,
205,666:0205:100_0_25_1,train,666.xlsx,upward_crack_1mm,upward_crack,4,100,0,25,1,,,,
206,666:0206:100_0_20_1,train,666.xlsx,upward_crack_1mm,upward_crack,4,100,0,20,1,,,,
207,666:0207:100_0_15_1,train,666.xlsx,upward_crack_1mm,upward_crack,4,100,0,15,1,,,,
208,666:0208:100_0_10_1,train,666.xlsx,upward_crack_1mm,upward_crack,4,100,0,10,1,,,,
209,666:0209:100_0_5_1,train,666.xlsx,upward_crack_1mm,upward_crack,4,100,0,5,1,,,,
210,666:0210:105_0_50_1,train,666.xlsx,upward_crack_1mm,upward_crack,4,105,0,50,1,,,,
211,666:0211:105_0_45_1,train,666.xlsx,upward_crack_1mm,upward_crack,4,105,0,45,1,,,,
212,666:0212:105_0_40_1,test,666.xlsx,upward_crack_1mm,upward_crack,4,105,0,40,1,,,,
213,666:0213:105_0_35_1,validation,666.xlsx,upward_crack_1mm,upward_crack,4,105,0,35,1,,,,
214,666:0214:105_0_30_1,train,666.xlsx,upward_crack_1mm,upward_crack,4,105,0,30,1,,,,
215,666:0215:105_0_25_1,train,666.xlsx,upward_crack_1mm,upward_crack,4,105,0,25,1,,,,
216,666:0216:105_0_20_1,train,666.xlsx,upward_crack_1mm,upward_crack,4,105,0,20,1,,,,
217,666:0217:105_0_15_1,train,666.xlsx,upward_crack_1mm,upward_crack,4,105,0,15,1,,,,
218,666:0218:105_0_10_1,test,666.xlsx,upward_crack_1mm,upward_crack,4,105,0,10,1,,,,
219,666:0219:105_0_5_1,train,666.xlsx,upward_crack_1mm,upward_crack,4,105,0,5,1,,,,
220,666:0220:110_0_50_1,validation,666.xlsx,upward_crack_1mm,upward_crack,4,110,0,50,1,,,,
221,666:0221:110_0_45_1,train,666.xlsx,upward_crack_1mm,upward_crack,4,110,0,45,1,,,,
222,666:0222:110_0_40_1,validation,666.xlsx,upward_crack_1mm,upward_crack,4,110,0,40,1,,,,
223,666:0223:110_0_35_1,validation,666.xlsx,upward_crack_1mm,upward_crack,4,110,0,35,1,,,,
224,666:0224:110_0_30_1,train,666.xlsx,upward_crack_1mm,upward_crack,4,110,0,30,1,,,,
225,666:0225:110_0_25_1,validation,666.xlsx,upward_crack_1mm,upward_crack,4,110,0,25,1,,,,
226,666:0226:110_0_20_1,validation,666.xlsx,upward_crack_1mm,upward_crack,4,110,0,20,1,,,,
227,666:0227:110_0_15_1,train,666.xlsx,upward_crack_1mm,upward_crack,4,110,0,15,1,,,,
228,666:0228:110_0_10_1,test,666.xlsx,upward_crack_1mm,upward_crack,4,110,0,10,1,,,,
229,666:0229:110_0_5_1,test,666.xlsx,upward_crack_1mm,upward_crack,4,110,0,5,1,,,,
230,666:0230:115_0_50_1,validation,666.xlsx,upward_crack_1mm,upward_crack,4,115,0,50,1,,,,
231,666:0231:115_0_45_1,train,666.xlsx,upward_crack_1mm,upward_crack,4,115,0,45,1,,,,
232,666:0232:115_0_40_1,train,666.xlsx,upward_crack_1mm,upward_crack,4,115,0,40,1,,,,
233,666:0233:115_0_35_1,train,666.xlsx,upward_crack_1mm,upward_crack,4,115,0,35,1,,,,
234,666:0234:115_0_30_1,train,666.xlsx,upward_crack_1mm,upward_crack,4,115,0,30,1,,,,
235,666:0235:115_0_25_1,train,666.xlsx,upward_crack_1mm,upward_crack,4,115,0,25,1,,,,
236,666:0236:115_0_20_1,train,666.xlsx,upward_crack_1mm,upward_crack,4,115,0,20,1,,,,
237,666:0237:115_0_15_1,train,666.xlsx,upward_crack_1mm,upward_crack,4,115,0,15,1,,,,
238,666:0238:115_0_10_1,train,666.xlsx,upward_crack_1mm,upward_crack,4,115,0,10,1,,,,
239,666:0239:115_0_5_1,train,666.xlsx,upward_crack_1mm,upward_crack,4,115,0,5,1,,,,
240,666:0240:120_0_50_1,validation,666.xlsx,upward_crack_1mm,upward_crack,4,120,0,50,1,,,,
241,666:0241:120_0_45_1,test,666.xlsx,upward_crack_1mm,upward_crack,4,120,0,45,1,,,,
242,666:0242:120_0_40_1,validation,666.xlsx,upward_crack_1mm,upward_crack,4,120,0,40,1,,,,
243,666:0243:120_0_35_1,train,666.xlsx,upward_crack_1mm,upward_crack,4,120,0,35,1,,,,
244,666:0244:120_0_30_1,train,666.xlsx,upward_crack_1mm,upward_crack,4,120,0,30,1,,,,
245,666:0245:120_0_25_1,test,666.xlsx,upward_crack_1mm,upward_crack,4,120,0,25,1,,,,
246,666:0246:120_0_20_1,train,666.xlsx,upward_crack_1mm,upward_crack,4,120,0,20,1,,,,
247,666:0247:120_0_15_1,train,666.xlsx,upward_crack_1mm,upward_crack,4,120,0,15,1,,,,
248,666:0248:120_0_10_1,train,666.xlsx,upward_crack_1mm,upward_crack,4,120,0,10,1,,,,
249,666:0249:120_0_5_1,train,666.xlsx,upward_crack_1mm,upward_crack,4,120,0,5,1,,,,
250,666:0250:125_0_50_1,train,666.xlsx,upward_crack_1mm,upward_crack,4,125,0,50,1,,,,
251,666:0251:125_0_45_1,train,666.xlsx,upward_crack_1mm,upward_crack,4,125,0,45,1,,,,
252,666:0252:125_0_40_1,train,666.xlsx,upward_crack_1mm,upward_crack,4,125,0,40,1,,,,
253,666:0253:125_0_35_1,validation,666.xlsx,upward_crack_1mm,upward_crack,4,125,0,35,1,,,,
254,666:0254:125_0_30_1,train,666.xlsx,upward_crack_1mm,upward_crack,4,125,0,30,1,,,,
255,666:0255:125_0_25_1,test,666.xlsx,upward_crack_1mm,upward_crack,4,125,0,25,1,,,,
256,666:0256:125_0_20_1,train,666.xlsx,upward_crack_1mm,upward_crack,4,125,0,20,1,,,,
257,666:0257:125_0_15_1,train,666.xlsx,upward_crack_1mm,upward_crack,4,125,0,15,1,,,,
258,666:0258:125_0_10_1,train,666.xlsx,upward_crack_1mm,upward_crack,4,125,0,10,1,,,,
259,666:0259:125_0_5_1,train,666.xlsx,upward_crack_1mm,upward_crack,4,125,0,5,1,,,,
260,666:0260:130_0_50_1,train,666.xlsx,upward_crack_1mm,upward_crack,4,130,0,50,1,,,,
261,666:0261:130_0_45_1,train,666.xlsx,upward_crack_1mm,upward_crack,4,130,0,45,1,,,,
262,666:0262:130_0_40_1,validation,666.xlsx,upward_crack_1mm,upward_crack,4,130,0,40,1,,,,
263,666:0263:130_0_35_1,train,666.xlsx,upward_crack_1mm,upward_crack,4,130,0,35,1,,,,
264,666:0264:130_0_30_1,train,666.xlsx,upward_crack_1mm,upward_crack,4,130,0,30,1,,,,
265,666:0265:130_0_25_1,train,666.xlsx,upward_crack_1mm,upward_crack,4,130,0,25,1,,,,
266,666:0266:130_0_20_1,test,666.xlsx,upward_crack_1mm,upward_crack,4,130,0,20,1,,,,
267,666:0267:130_0_15_1,train,666.xlsx,upward_crack_1mm,upward_crack,4,130,0,15,1,,,,
268,666:0268:130_0_10_1,train,666.xlsx,upward_crack_1mm,upward_crack,4,130,0,10,1,,,,
269,666:0269:130_0_5_1,train,666.xlsx,upward_crack_1mm,upward_crack,4,130,0,5,1,,,,
270,666:0270:135_0_50_1,train,666.xlsx,upward_crack_1mm,upward_crack,4,135,0,50,1,,,,
271,666:0271:135_0_45_1,train,666.xlsx,upward_crack_1mm,upward_crack,4,135,0,45,1,,,,
272,666:0272:135_0_40_1,train,666.xlsx,upward_crack_1mm,upward_crack,4,135,0,40,1,,,,
273,666:0273:135_0_35_1,train,666.xlsx,upward_crack_1mm,upward_crack,4,135,0,35,1,,,,
274,666:0274:135_0_30_1,train,666.xlsx,upward_crack_1mm,upward_crack,4,135,0,30,1,,,,
275,666:0275:135_0_25_1,train,666.xlsx,upward_crack_1mm,upward_crack,4,135,0,25,1,,,,
276,666:0276:135_0_20_1,train,666.xlsx,upward_crack_1mm,upward_crack,4,135,0,20,1,,,,
277,666:0277:135_0_15_1,train,666.xlsx,upward_crack_1mm,upward_crack,4,135,0,15,1,,,,
278,666:0278:135_0_10_1,train,666.xlsx,upward_crack_1mm,upward_crack,4,135,0,10,1,,,,
279,666:0279:135_0_5_1,train,666.xlsx,upward_crack_1mm,upward_crack,4,135,0,5,1,,,,
280,666:0280:140_0_50_1,train,666.xlsx,upward_crack_1mm,upward_crack,4,140,0,50,1,,,,
281,666:0281:140_0_45_1,train,666.xlsx,upward_crack_1mm,upward_crack,4,140,0,45,1,,,,
282,666:0282:140_0_40_1,train,666.xlsx,upward_crack_1mm,upward_crack,4,140,0,40,1,,,,
283,666:0283:140_0_35_1,train,666.xlsx,upward_crack_1mm,upward_crack,4,140,0,35,1,,,,
284,666:0284:140_0_30_1,train,666.xlsx,upward_crack_1mm,upward_crack,4,140,0,30,1,,,,
285,666:0285:140_0_25_1,test,666.xlsx,upward_crack_1mm,upward_crack,4,140,0,25,1,,,,
286,666:0286:140_0_20_1,train,666.xlsx,upward_crack_1mm,upward_crack,4,140,0,20,1,,,,
287,666:0287:140_0_15_1,train,666.xlsx,upward_crack_1mm,upward_crack,4,140,0,15,1,,,,
288,666:0288:140_0_10_1,train,666.xlsx,upward_crack_1mm,upward_crack,4,140,0,10,1,,,,
289,666:0289:140_0_5_1,train,666.xlsx,upward_crack_1mm,upward_crack,4,140,0,5,1,,,,
290,444:0000:0_0_50_5,train,444.xlsx,upward_crack_5mm,upward_crack,4,0,0,50,5,,,,
291,444:0001:0_0_45_5,train,444.xlsx,upward_crack_5mm,upward_crack,4,0,0,45,5,,,,
292,444:0002:0_0_40_5,train,444.xlsx,upward_crack_5mm,upward_crack,4,0,0,40,5,,,,
293,444:0003:0_0_35_5,train,444.xlsx,upward_crack_5mm,upward_crack,4,0,0,35,5,,,,
294,444:0004:0_0_30_5,train,444.xlsx,upward_crack_5mm,upward_crack,4,0,0,30,5,,,,
295,444:0005:0_0_25_5,train,444.xlsx,upward_crack_5mm,upward_crack,4,0,0,25,5,,,,
296,444:0006:0_0_20_5,train,444.xlsx,upward_crack_5mm,upward_crack,4,0,0,20,5,,,,
297,444:0007:0_0_15_5,train,444.xlsx,upward_crack_5mm,upward_crack,4,0,0,15,5,,,,
298,444:0008:0_0_10_5,train,444.xlsx,upward_crack_5mm,upward_crack,4,0,0,10,5,,,,
299,444:0009:0_0_5_5,train,444.xlsx,upward_crack_5mm,upward_crack,4,0,0,5,5,,,,
300,444:0010:5_0_50_5,train,444.xlsx,upward_crack_5mm,upward_crack,4,5,0,50,5,,,,
301,444:0011:5_0_45_5,train,444.xlsx,upward_crack_5mm,upward_crack,4,5,0,45,5,,,,
302,444:0012:5_0_40_5,validation,444.xlsx,upward_crack_5mm,upward_crack,4,5,0,40,5,,,,
303,444:0013:5_0_35_5,train,444.xlsx,upward_crack_5mm,upward_crack,4,5,0,35,5,,,,
304,444:0014:5_0_30_5,train,444.xlsx,upward_crack_5mm,upward_crack,4,5,0,30,5,,,,
305,444:0015:5_0_25_5,validation,444.xlsx,upward_crack_5mm,upward_crack,4,5,0,25,5,,,,
306,444:0016:5_0_20_5,train,444.xlsx,upward_crack_5mm,upward_crack,4,5,0,20,5,,,,
307,444:0017:5_0_15_5,train,444.xlsx,upward_crack_5mm,upward_crack,4,5,0,15,5,,,,
308,444:0018:5_0_10_5,test,444.xlsx,upward_crack_5mm,upward_crack,4,5,0,10,5,,,,
309,444:0019:5_0_5_5,validation,444.xlsx,upward_crack_5mm,upward_crack,4,5,0,5,5,,,,
310,444:0020:10_0_50_5,train,444.xlsx,upward_crack_5mm,upward_crack,4,10,0,50,5,,,,
311,444:0021:10_0_45_5,train,444.xlsx,upward_crack_5mm,upward_crack,4,10,0,45,5,,,,
312,444:0022:10_0_40_5,train,444.xlsx,upward_crack_5mm,upward_crack,4,10,0,40,5,,,,
313,444:0023:10_0_35_5,train,444.xlsx,upward_crack_5mm,upward_crack,4,10,0,35,5,,,,
314,444:0024:10_0_30_5,train,444.xlsx,upward_crack_5mm,upward_crack,4,10,0,30,5,,,,
315,444:0025:10_0_25_5,train,444.xlsx,upward_crack_5mm,upward_crack,4,10,0,25,5,,,,
316,444:0026:10_0_20_5,train,444.xlsx,upward_crack_5mm,upward_crack,4,10,0,20,5,,,,
317,444:0027:10_0_15_5,train,444.xlsx,upward_crack_5mm,upward_crack,4,10,0,15,5,,,,
318,444:0028:10_0_10_5,train,444.xlsx,upward_crack_5mm,upward_crack,4,10,0,10,5,,,,
319,444:0029:10_0_5_5,test,444.xlsx,upward_crack_5mm,upward_crack,4,10,0,5,5,,,,
320,444:0030:15_0_50_5,train,444.xlsx,upward_crack_5mm,upward_crack,4,15,0,50,5,,,,
321,444:0031:15_0_45_5,train,444.xlsx,upward_crack_5mm,upward_crack,4,15,0,45,5,,,,
322,444:0032:15_0_40_5,train,444.xlsx,upward_crack_5mm,upward_crack,4,15,0,40,5,,,,
323,444:0033:15_0_35_5,train,444.xlsx,upward_crack_5mm,upward_crack,4,15,0,35,5,,,,
324,444:0034:15_0_30_5,validation,444.xlsx,upward_crack_5mm,upward_crack,4,15,0,30,5,,,,
325,444:0035:15_0_25_5,train,444.xlsx,upward_crack_5mm,upward_crack,4,15,0,25,5,,,,
326,444:0036:15_0_20_5,train,444.xlsx,upward_crack_5mm,upward_crack,4,15,0,20,5,,,,
327,444:0037:15_0_15_5,train,444.xlsx,upward_crack_5mm,upward_crack,4,15,0,15,5,,,,
328,444:0038:15_0_10_5,train,444.xlsx,upward_crack_5mm,upward_crack,4,15,0,10,5,,,,
329,444:0039:15_0_5_5,train,444.xlsx,upward_crack_5mm,upward_crack,4,15,0,5,5,,,,
330,444:0040:20_0_50_5,validation,444.xlsx,upward_crack_5mm,upward_crack,4,20,0,50,5,,,,
331,444:0041:20_0_45_5,train,444.xlsx,upward_crack_5mm,upward_crack,4,20,0,45,5,,,,
332,444:0042:20_0_40_5,train,444.xlsx,upward_crack_5mm,upward_crack,4,20,0,40,5,,,,
333,444:0043:20_0_35_5,train,444.xlsx,upward_crack_5mm,upward_crack,4,20,0,35,5,,,,
334,444:0044:20_0_30_5,train,444.xlsx,upward_crack_5mm,upward_crack,4,20,0,30,5,,,,
335,444:0045:20_0_25_5,train,444.xlsx,upward_crack_5mm,upward_crack,4,20,0,25,5,,,,
336,444:0046:20_0_20_5,test,444.xlsx,upward_crack_5mm,upward_crack,4,20,0,20,5,,,,
337,444:0047:20_0_15_5,train,444.xlsx,upward_crack_5mm,upward_crack,4,20,0,15,5,,,,
338,444:0048:20_0_10_5,train,444.xlsx,upward_crack_5mm,upward_crack,4,20,0,10,5,,,,
339,444:0049:20_0_5_5,train,444.xlsx,upward_crack_5mm,upward_crack,4,20,0,5,5,,,,
340,444:0050:25_0_50_5,train,444.xlsx,upward_crack_5mm,upward_crack,4,25,0,50,5,,,,
341,444:0051:25_0_45_5,train,444.xlsx,upward_crack_5mm,upward_crack,4,25,0,45,5,,,,
342,444:0052:25_0_40_5,train,444.xlsx,upward_crack_5mm,upward_crack,4,25,0,40,5,,,,
343,444:0053:25_0_35_5,train,444.xlsx,upward_crack_5mm,upward_crack,4,25,0,35,5,,,,
344,444:0054:25_0_30_5,train,444.xlsx,upward_crack_5mm,upward_crack,4,25,0,30,5,,,,
345,444:0055:25_0_25_5,train,444.xlsx,upward_crack_5mm,upward_crack,4,25,0,25,5,,,,
346,444:0056:25_0_20_5,train,444.xlsx,upward_crack_5mm,upward_crack,4,25,0,20,5,,,,
347,444:0057:25_0_15_5,train,444.xlsx,upward_crack_5mm,upward_crack,4,25,0,15,5,,,,
348,444:0058:25_0_10_5,train,444.xlsx,upward_crack_5mm,upward_crack,4,25,0,10,5,,,,
349,444:0059:25_0_5_5,test,444.xlsx,upward_crack_5mm,upward_crack,4,25,0,5,5,,,,
350,444:0060:30_0_50_5,train,444.xlsx,upward_crack_5mm,upward_crack,4,30,0,50,5,,,,
351,444:0061:30_0_45_5,train,444.xlsx,upward_crack_5mm,upward_crack,4,30,0,45,5,,,,
352,444:0062:30_0_40_5,train,444.xlsx,upward_crack_5mm,upward_crack,4,30,0,40,5,,,,
353,444:0063:30_0_35_5,train,444.xlsx,upward_crack_5mm,upward_crack,4,30,0,35,5,,,,
354,444:0064:30_0_30_5,train,444.xlsx,upward_crack_5mm,upward_crack,4,30,0,30,5,,,,
355,444:0065:30_0_25_5,validation,444.xlsx,upward_crack_5mm,upward_crack,4,30,0,25,5,,,,
356,444:0066:30_0_20_5,train,444.xlsx,upward_crack_5mm,upward_crack,4,30,0,20,5,,,,
357,444:0067:30_0_15_5,validation,444.xlsx,upward_crack_5mm,upward_crack,4,30,0,15,5,,,,
358,444:0068:30_0_10_5,train,444.xlsx,upward_crack_5mm,upward_crack,4,30,0,10,5,,,,
359,444:0069:30_0_5_5,train,444.xlsx,upward_crack_5mm,upward_crack,4,30,0,5,5,,,,
360,444:0070:35_0_50_5,train,444.xlsx,upward_crack_5mm,upward_crack,4,35,0,50,5,,,,
361,444:0071:35_0_45_5,train,444.xlsx,upward_crack_5mm,upward_crack,4,35,0,45,5,,,,
362,444:0072:35_0_40_5,train,444.xlsx,upward_crack_5mm,upward_crack,4,35,0,40,5,,,,
363,444:0073:35_0_35_5,train,444.xlsx,upward_crack_5mm,upward_crack,4,35,0,35,5,,,,
364,444:0074:35_0_30_5,train,444.xlsx,upward_crack_5mm,upward_crack,4,35,0,30,5,,,,
365,444:0075:35_0_25_5,test,444.xlsx,upward_crack_5mm,upward_crack,4,35,0,25,5,,,,
366,444:0076:35_0_20_5,train,444.xlsx,upward_crack_5mm,upward_crack,4,35,0,20,5,,,,
367,444:0077:35_0_15_5,train,444.xlsx,upward_crack_5mm,upward_crack,4,35,0,15,5,,,,
368,444:0078:35_0_10_5,train,444.xlsx,upward_crack_5mm,upward_crack,4,35,0,10,5,,,,
369,444:0079:35_0_5_5,train,444.xlsx,upward_crack_5mm,upward_crack,4,35,0,5,5,,,,
370,444:0080:40_0_50_5,train,444.xlsx,upward_crack_5mm,upward_crack,4,40,0,50,5,,,,
371,444:0081:40_0_45_5,train,444.xlsx,upward_crack_5mm,upward_crack,4,40,0,45,5,,,,
372,444:0082:40_0_40_5,train,444.xlsx,upward_crack_5mm,upward_crack,4,40,0,40,5,,,,
373,444:0083:40_0_35_5,train,444.xlsx,upward_crack_5mm,upward_crack,4,40,0,35,5,,,,
374,444:0084:40_0_30_5,train,444.xlsx,upward_crack_5mm,upward_crack,4,40,0,30,5,,,,
375,444:0085:40_0_25_5,train,444.xlsx,upward_crack_5mm,upward_crack,4,40,0,25,5,,,,
376,444:0086:40_0_20_5,train,444.xlsx,upward_crack_5mm,upward_crack,4,40,0,20,5,,,,
377,444:0087:40_0_15_5,train,444.xlsx,upward_crack_5mm,upward_crack,4,40,0,15,5,,,,
378,444:0088:40_0_10_5,validation,444.xlsx,upward_crack_5mm,upward_crack,4,40,0,10,5,,,,
379,444:0089:40_0_5_5,train,444.xlsx,upward_crack_5mm,upward_crack,4,40,0,5,5,,,,
380,444:0090:45_0_50_5,train,444.xlsx,upward_crack_5mm,upward_crack,4,45,0,50,5,,,,
381,444:0091:45_0_45_5,train,444.xlsx,upward_crack_5mm,upward_crack,4,45,0,45,5,,,,
382,444:0092:45_0_40_5,train,444.xlsx,upward_crack_5mm,upward_crack,4,45,0,40,5,,,,
383,444:0093:45_0_35_5,train,444.xlsx,upward_crack_5mm,upward_crack,4,45,0,35,5,,,,
384,444:0094:45_0_30_5,train,444.xlsx,upward_crack_5mm,upward_crack,4,45,0,30,5,,,,
385,444:0095:45_0_25_5,train,444.xlsx,upward_crack_5mm,upward_crack,4,45,0,25,5,,,,
386,444:0096:45_0_20_5,train,444.xlsx,upward_crack_5mm,upward_crack,4,45,0,20,5,,,,
387,444:0097:45_0_15_5,train,444.xlsx,upward_crack_5mm,upward_crack,4,45,0,15,5,,,,
388,444:0098:45_0_10_5,train,444.xlsx,upward_crack_5mm,upward_crack,4,45,0,10,5,,,,
389,444:0099:45_0_5_5,train,444.xlsx,upward_crack_5mm,upward_crack,4,45,0,5,5,,,,
390,444:0100:50_0_50_5,train,444.xlsx,upward_crack_5mm,upward_crack,4,50,0,50,5,,,,
391,444:0101:50_0_45_5,validation,444.xlsx,upward_crack_5mm,upward_crack,4,50,0,45,5,,,,
392,444:0102:50_0_40_5,train,444.xlsx,upward_crack_5mm,upward_crack,4,50,0,40,5,,,,
393,444:0103:50_0_35_5,validation,444.xlsx,upward_crack_5mm,upward_crack,4,50,0,35,5,,,,
394,444:0104:50_0_30_5,train,444.xlsx,upward_crack_5mm,upward_crack,4,50,0,30,5,,,,
395,444:0105:50_0_25_5,train,444.xlsx,upward_crack_5mm,upward_crack,4,50,0,25,5,,,,
396,444:0106:50_0_20_5,train,444.xlsx,upward_crack_5mm,upward_crack,4,50,0,20,5,,,,
397,444:0107:50_0_15_5,train,444.xlsx,upward_crack_5mm,upward_crack,4,50,0,15,5,,,,
398,444:0108:50_0_10_5,test,444.xlsx,upward_crack_5mm,upward_crack,4,50,0,10,5,,,,
399,444:0109:50_0_5_5,train,444.xlsx,upward_crack_5mm,upward_crack,4,50,0,5,5,,,,
400,444:0110:55_0_50_5,train,444.xlsx,upward_crack_5mm,upward_crack,4,55,0,50,5,,,,
401,444:0111:55_0_45_5,train,444.xlsx,upward_crack_5mm,upward_crack,4,55,0,45,5,,,,
402,444:0112:55_0_40_5,test,444.xlsx,upward_crack_5mm,upward_crack,4,55,0,40,5,,,,
403,444:0113:55_0_35_5,train,444.xlsx,upward_crack_5mm,upward_crack,4,55,0,35,5,,,,
404,444:0114:55_0_30_5,train,444.xlsx,upward_crack_5mm,upward_crack,4,55,0,30,5,,,,
405,444:0115:55_0_25_5,test,444.xlsx,upward_crack_5mm,upward_crack,4,55,0,25,5,,,,
406,444:0116:55_0_20_5,test,444.xlsx,upward_crack_5mm,upward_crack,4,55,0,20,5,,,,
407,444:0117:55_0_15_5,test,444.xlsx,upward_crack_5mm,upward_crack,4,55,0,15,5,,,,
408,444:0118:55_0_10_5,train,444.xlsx,upward_crack_5mm,upward_crack,4,55,0,10,5,,,,
409,444:0119:55_0_5_5,validation,444.xlsx,upward_crack_5mm,upward_crack,4,55,0,5,5,,,,
410,444:0120:60_0_50_5,train,444.xlsx,upward_crack_5mm,upward_crack,4,60,0,50,5,,,,
411,444:0121:60_0_45_5,train,444.xlsx,upward_crack_5mm,upward_crack,4,60,0,45,5,,,,
412,444:0122:60_0_40_5,train,444.xlsx,upward_crack_5mm,upward_crack,4,60,0,40,5,,,,
413,444:0123:60_0_35_5,train,444.xlsx,upward_crack_5mm,upward_crack,4,60,0,35,5,,,,
414,444:0124:60_0_30_5,validation,444.xlsx,upward_crack_5mm,upward_crack,4,60,0,30,5,,,,
415,444:0125:60_0_25_5,train,444.xlsx,upward_crack_5mm,upward_crack,4,60,0,25,5,,,,
416,444:0126:60_0_20_5,train,444.xlsx,upward_crack_5mm,upward_crack,4,60,0,20,5,,,,
417,444:0127:60_0_15_5,validation,444.xlsx,upward_crack_5mm,upward_crack,4,60,0,15,5,,,,
418,444:0128:60_0_10_5,train,444.xlsx,upward_crack_5mm,upward_crack,4,60,0,10,5,,,,
419,444:0129:60_0_5_5,train,444.xlsx,upward_crack_5mm,upward_crack,4,60,0,5,5,,,,
420,444:0130:65_0_50_5,train,444.xlsx,upward_crack_5mm,upward_crack,4,65,0,50,5,,,,
421,444:0131:65_0_45_5,train,444.xlsx,upward_crack_5mm,upward_crack,4,65,0,45,5,,,,
422,444:0132:65_0_40_5,train,444.xlsx,upward_crack_5mm,upward_crack,4,65,0,40,5,,,,
423,444:0133:65_0_35_5,train,444.xlsx,upward_crack_5mm,upward_crack,4,65,0,35,5,,,,
424,444:0134:65_0_30_5,train,444.xlsx,upward_crack_5mm,upward_crack,4,65,0,30,5,,,,
425,444:0135:65_0_25_5,train,444.xlsx,upward_crack_5mm,upward_crack,4,65,0,25,5,,,,
426,444:0136:65_0_20_5,train,444.xlsx,upward_crack_5mm,upward_crack,4,65,0,20,5,,,,
427,444:0137:65_0_15_5,train,444.xlsx,upward_crack_5mm,upward_crack,4,65,0,15,5,,,,
428,444:0138:65_0_10_5,train,444.xlsx,upward_crack_5mm,upward_crack,4,65,0,10,5,,,,
429,444:0139:65_0_5_5,train,444.xlsx,upward_crack_5mm,upward_crack,4,65,0,5,5,,,,
430,444:0140:70_0_50_5,train,444.xlsx,upward_crack_5mm,upward_crack,4,70,0,50,5,,,,
431,444:0141:70_0_45_5,train,444.xlsx,upward_crack_5mm,upward_crack,4,70,0,45,5,,,,
432,444:0142:70_0_40_5,train,444.xlsx,upward_crack_5mm,upward_crack,4,70,0,40,5,,,,
433,444:0143:70_0_35_5,train,444.xlsx,upward_crack_5mm,upward_crack,4,70,0,35,5,,,,
434,444:0144:70_0_30_5,train,444.xlsx,upward_crack_5mm,upward_crack,4,70,0,30,5,,,,
435,444:0145:70_0_25_5,test,444.xlsx,upward_crack_5mm,upward_crack,4,70,0,25,5,,,,
436,444:0146:70_0_20_5,validation,444.xlsx,upward_crack_5mm,upward_crack,4,70,0,20,5,,,,
437,444:0147:70_0_15_5,test,444.xlsx,upward_crack_5mm,upward_crack,4,70,0,15,5,,,,
438,444:0148:70_0_10_5,train,444.xlsx,upward_crack_5mm,upward_crack,4,70,0,10,5,,,,
439,444:0149:70_0_5_5,train,444.xlsx,upward_crack_5mm,upward_crack,4,70,0,5,5,,,,
440,444:0150:75_0_50_5,train,444.xlsx,upward_crack_5mm,upward_crack,4,75,0,50,5,,,,
441,444:0151:75_0_45_5,test,444.xlsx,upward_crack_5mm,upward_crack,4,75,0,45,5,,,,
442,444:0152:75_0_40_5,train,444.xlsx,upward_crack_5mm,upward_crack,4,75,0,40,5,,,,
443,444:0153:75_0_35_5,train,444.xlsx,upward_crack_5mm,upward_crack,4,75,0,35,5,,,,
444,444:0154:75_0_30_5,train,444.xlsx,upward_crack_5mm,upward_crack,4,75,0,30,5,,,,
445,444:0155:75_0_25_5,train,444.xlsx,upward_crack_5mm,upward_crack,4,75,0,25,5,,,,
446,444:0156:75_0_20_5,train,444.xlsx,upward_crack_5mm,upward_crack,4,75,0,20,5,,,,
447,444:0157:75_0_15_5,train,444.xlsx,upward_crack_5mm,upward_crack,4,75,0,15,5,,,,
448,444:0158:75_0_10_5,test,444.xlsx,upward_crack_5mm,upward_crack,4,75,0,10,5,,,,
449,444:0159:75_0_5_5,train,444.xlsx,upward_crack_5mm,upward_crack,4,75,0,5,5,,,,
450,444:0160:80_0_50_5,test,444.xlsx,upward_crack_5mm,upward_crack,4,80,0,50,5,,,,
451,444:0161:80_0_45_5,train,444.xlsx,upward_crack_5mm,upward_crack,4,80,0,45,5,,,,
452,444:0162:80_0_40_5,train,444.xlsx,upward_crack_5mm,upward_crack,4,80,0,40,5,,,,
453,444:0163:80_0_35_5,train,444.xlsx,upward_crack_5mm,upward_crack,4,80,0,35,5,,,,
454,444:0164:80_0_30_5,train,444.xlsx,upward_crack_5mm,upward_crack,4,80,0,30,5,,,,
455,444:0165:80_0_25_5,train,444.xlsx,upward_crack_5mm,upward_crack,4,80,0,25,5,,,,
456,444:0166:80_0_20_5,validation,444.xlsx,upward_crack_5mm,upward_crack,4,80,0,20,5,,,,
457,444:0167:80_0_15_5,train,444.xlsx,upward_crack_5mm,upward_crack,4,80,0,15,5,,,,
458,444:0168:80_0_10_5,train,444.xlsx,upward_crack_5mm,upward_crack,4,80,0,10,5,,,,
459,444:0169:80_0_5_5,train,444.xlsx,upward_crack_5mm,upward_crack,4,80,0,5,5,,,,
460,444:0170:85_0_50_5,train,444.xlsx,upward_crack_5mm,upward_crack,4,85,0,50,5,,,,
461,444:0171:85_0_45_5,train,444.xlsx,upward_crack_5mm,upward_crack,4,85,0,45,5,,,,
462,444:0172:85_0_40_5,test,444.xlsx,upward_crack_5mm,upward_crack,4,85,0,40,5,,,,
463,444:0173:85_0_35_5,train,444.xlsx,upward_crack_5mm,upward_crack,4,85,0,35,5,,,,
464,444:0174:85_0_30_5,train,444.xlsx,upward_crack_5mm,upward_crack,4,85,0,30,5,,,,
465,444:0175:85_0_25_5,train,444.xlsx,upward_crack_5mm,upward_crack,4,85,0,25,5,,,,
466,444:0176:85_0_20_5,train,444.xlsx,upward_crack_5mm,upward_crack,4,85,0,20,5,,,,
467,444:0177:85_0_15_5,train,444.xlsx,upward_crack_5mm,upward_crack,4,85,0,15,5,,,,
468,444:0178:85_0_10_5,train,444.xlsx,upward_crack_5mm,upward_crack,4,85,0,10,5,,,,
469,444:0179:85_0_5_5,train,444.xlsx,upward_crack_5mm,upward_crack,4,85,0,5,5,,,,
470,444:0180:90_0_50_5,train,444.xlsx,upward_crack_5mm,upward_crack,4,90,0,50,5,,,,
471,444:0181:90_0_45_5,train,444.xlsx,upward_crack_5mm,upward_crack,4,90,0,45,5,,,,
472,444:0182:90_0_40_5,test,444.xlsx,upward_crack_5mm,upward_crack,4,90,0,40,5,,,,
473,444:0183:90_0_35_5,train,444.xlsx,upward_crack_5mm,upward_crack,4,90,0,35,5,,,,
474,444:0184:90_0_30_5,validation,444.xlsx,upward_crack_5mm,upward_crack,4,90,0,30,5,,,,
475,444:0185:90_0_25_5,train,444.xlsx,upward_crack_5mm,upward_crack,4,90,0,25,5,,,,
476,444:0186:90_0_20_5,train,444.xlsx,upward_crack_5mm,upward_crack,4,90,0,20,5,,,,
477,444:0187:90_0_15_5,test,444.xlsx,upward_crack_5mm,upward_crack,4,90,0,15,5,,,,
478,444:0188:90_0_10_5,train,444.xlsx,upward_crack_5mm,upward_crack,4,90,0,10,5,,,,
479,444:0189:90_0_5_5,train,444.xlsx,upward_crack_5mm,upward_crack,4,90,0,5,5,,,,
480,444:0190:95_0_50_5,train,444.xlsx,upward_crack_5mm,upward_crack,4,95,0,50,5,,,,
481,444:0191:95_0_45_5,test,444.xlsx,upward_crack_5mm,upward_crack,4,95,0,45,5,,,,
482,444:0192:95_0_40_5,train,444.xlsx,upward_crack_5mm,upward_crack,4,95,0,40,5,,,,
483,444:0193:95_0_35_5,train,444.xlsx,upward_crack_5mm,upward_crack,4,95,0,35,5,,,,
484,444:0194:95_0_30_5,train,444.xlsx,upward_crack_5mm,upward_crack,4,95,0,30,5,,,,
485,444:0195:95_0_25_5,train,444.xlsx,upward_crack_5mm,upward_crack,4,95,0,25,5,,,,
486,444:0196:95_0_20_5,train,444.xlsx,upward_crack_5mm,upward_crack,4,95,0,20,5,,,,
487,444:0197:95_0_15_5,test,444.xlsx,upward_crack_5mm,upward_crack,4,95,0,15,5,,,,
488,444:0198:95_0_10_5,train,444.xlsx,upward_crack_5mm,upward_crack,4,95,0,10,5,,,,
489,444:0199:95_0_5_5,train,444.xlsx,upward_crack_5mm,upward_crack,4,95,0,5,5,,,,
490,444:0200:100_0_50_5,train,444.xlsx,upward_crack_5mm,upward_crack,4,100,0,50,5,,,,
491,444:0201:100_0_45_5,validation,444.xlsx,upward_crack_5mm,upward_crack,4,100,0,45,5,,,,
492,444:0202:100_0_40_5,train,444.xlsx,upward_crack_5mm,upward_crack,4,100,0,40,5,,,,
493,444:0203:100_0_35_5,train,444.xlsx,upward_crack_5mm,upward_crack,4,100,0,35,5,,,,
494,444:0204:100_0_30_5,train,444.xlsx,upward_crack_5mm,upward_crack,4,100,0,30,5,,,,
495,444:0205:100_0_25_5,train,444.xlsx,upward_crack_5mm,upward_crack,4,100,0,25,5,,,,
496,444:0206:100_0_20_5,train,444.xlsx,upward_crack_5mm,upward_crack,4,100,0,20,5,,,,
497,444:0207:100_0_15_5,train,444.xlsx,upward_crack_5mm,upward_crack,4,100,0,15,5,,,,
498,444:0208:100_0_10_5,train,444.xlsx,upward_crack_5mm,upward_crack,4,100,0,10,5,,,,
499,444:0209:100_0_5_5,train,444.xlsx,upward_crack_5mm,upward_crack,4,100,0,5,5,,,,
500,444:0210:105_0_50_5,test,444.xlsx,upward_crack_5mm,upward_crack,4,105,0,50,5,,,,
501,444:0211:105_0_45_5,train,444.xlsx,upward_crack_5mm,upward_crack,4,105,0,45,5,,,,
502,444:0212:105_0_40_5,validation,444.xlsx,upward_crack_5mm,upward_crack,4,105,0,40,5,,,,
503,444:0213:105_0_35_5,train,444.xlsx,upward_crack_5mm,upward_crack,4,105,0,35,5,,,,
504,444:0214:105_0_30_5,train,444.xlsx,upward_crack_5mm,upward_crack,4,105,0,30,5,,,,
505,444:0215:105_0_25_5,train,444.xlsx,upward_crack_5mm,upward_crack,4,105,0,25,5,,,,
506,444:0216:105_0_20_5,train,444.xlsx,upward_crack_5mm,upward_crack,4,105,0,20,5,,,,
507,444:0217:105_0_15_5,train,444.xlsx,upward_crack_5mm,upward_crack,4,105,0,15,5,,,,
508,444:0218:105_0_10_5,train,444.xlsx,upward_crack_5mm,upward_crack,4,105,0,10,5,,,,
509,444:0219:105_0_5_5,train,444.xlsx,upward_crack_5mm,upward_crack,4,105,0,5,5,,,,
510,444:0220:110_0_50_5,train,444.xlsx,upward_crack_5mm,upward_crack,4,110,0,50,5,,,,
511,444:0221:110_0_45_5,train,444.xlsx,upward_crack_5mm,upward_crack,4,110,0,45,5,,,,
512,444:0222:110_0_40_5,train,444.xlsx,upward_crack_5mm,upward_crack,4,110,0,40,5,,,,
513,444:0223:110_0_35_5,train,444.xlsx,upward_crack_5mm,upward_crack,4,110,0,35,5,,,,
514,444:0224:110_0_30_5,validation,444.xlsx,upward_crack_5mm,upward_crack,4,110,0,30,5,,,,
515,444:0225:110_0_25_5,train,444.xlsx,upward_crack_5mm,upward_crack,4,110,0,25,5,,,,
516,444:0226:110_0_20_5,train,444.xlsx,upward_crack_5mm,upward_crack,4,110,0,20,5,,,,
517,444:0227:110_0_15_5,test,444.xlsx,upward_crack_5mm,upward_crack,4,110,0,15,5,,,,
518,444:0228:110_0_10_5,train,444.xlsx,upward_crack_5mm,upward_crack,4,110,0,10,5,,,,
519,444:0229:110_0_5_5,train,444.xlsx,upward_crack_5mm,upward_crack,4,110,0,5,5,,,,
520,444:0230:115_0_50_5,train,444.xlsx,upward_crack_5mm,upward_crack,4,115,0,50,5,,,,
521,444:0231:115_0_45_5,train,444.xlsx,upward_crack_5mm,upward_crack,4,115,0,45,5,,,,
522,444:0232:115_0_40_5,train,444.xlsx,upward_crack_5mm,upward_crack,4,115,0,40,5,,,,
523,444:0233:115_0_35_5,validation,444.xlsx,upward_crack_5mm,upward_crack,4,115,0,35,5,,,,
524,444:0234:115_0_30_5,train,444.xlsx,upward_crack_5mm,upward_crack,4,115,0,30,5,,,,
525,444:0235:115_0_25_5,validation,444.xlsx,upward_crack_5mm,upward_crack,4,115,0,25,5,,,,
526,444:0236:115_0_20_5,validation,444.xlsx,upward_crack_5mm,upward_crack,4,115,0,20,5,,,,
527,444:0237:115_0_15_5,validation,444.xlsx,upward_crack_5mm,upward_crack,4,115,0,15,5,,,,
528,444:0238:115_0_10_5,train,444.xlsx,upward_crack_5mm,upward_crack,4,115,0,10,5,,,,
529,444:0239:115_0_5_5,test,444.xlsx,upward_crack_5mm,upward_crack,4,115,0,5,5,,,,
530,444:0240:120_0_50_5,train,444.xlsx,upward_crack_5mm,upward_crack,4,120,0,50,5,,,,
531,444:0241:120_0_45_5,train,444.xlsx,upward_crack_5mm,upward_crack,4,120,0,45,5,,,,
532,444:0242:120_0_40_5,train,444.xlsx,upward_crack_5mm,upward_crack,4,120,0,40,5,,,,
533,444:0243:120_0_35_5,train,444.xlsx,upward_crack_5mm,upward_crack,4,120,0,35,5,,,,
534,444:0244:120_0_30_5,train,444.xlsx,upward_crack_5mm,upward_crack,4,120,0,30,5,,,,
535,444:0245:120_0_25_5,validation,444.xlsx,upward_crack_5mm,upward_crack,4,120,0,25,5,,,,
536,444:0246:120_0_20_5,train,444.xlsx,upward_crack_5mm,upward_crack,4,120,0,20,5,,,,
537,444:0247:120_0_15_5,train,444.xlsx,upward_crack_5mm,upward_crack,4,120,0,15,5,,,,
538,444:0248:120_0_10_5,train,444.xlsx,upward_crack_5mm,upward_crack,4,120,0,10,5,,,,
539,444:0249:120_0_5_5,train,444.xlsx,upward_crack_5mm,upward_crack,4,120,0,5,5,,,,
540,444:0250:125_0_50_5,test,444.xlsx,upward_crack_5mm,upward_crack,4,125,0,50,5,,,,
541,444:0251:125_0_45_5,train,444.xlsx,upward_crack_5mm,upward_crack,4,125,0,45,5,,,,
542,444:0252:125_0_40_5,train,444.xlsx,upward_crack_5mm,upward_crack,4,125,0,40,5,,,,
543,444:0253:125_0_35_5,train,444.xlsx,upward_crack_5mm,upward_crack,4,125,0,35,5,,,,
544,444:0254:125_0_30_5,validation,444.xlsx,upward_crack_5mm,upward_crack,4,125,0,30,5,,,,
545,444:0255:125_0_25_5,train,444.xlsx,upward_crack_5mm,upward_crack,4,125,0,25,5,,,,
546,444:0256:125_0_20_5,train,444.xlsx,upward_crack_5mm,upward_crack,4,125,0,20,5,,,,
547,444:0257:125_0_15_5,train,444.xlsx,upward_crack_5mm,upward_crack,4,125,0,15,5,,,,
548,444:0258:125_0_10_5,train,444.xlsx,upward_crack_5mm,upward_crack,4,125,0,10,5,,,,
549,444:0259:125_0_5_5,test,444.xlsx,upward_crack_5mm,upward_crack,4,125,0,5,5,,,,
550,444:0260:130_0_50_5,train,444.xlsx,upward_crack_5mm,upward_crack,4,130,0,50,5,,,,
551,444:0261:130_0_45_5,train,444.xlsx,upward_crack_5mm,upward_crack,4,130,0,45,5,,,,
552,444:0262:130_0_40_5,train,444.xlsx,upward_crack_5mm,upward_crack,4,130,0,40,5,,,,
553,444:0263:130_0_35_5,train,444.xlsx,upward_crack_5mm,upward_crack,4,130,0,35,5,,,,
554,444:0264:130_0_30_5,train,444.xlsx,upward_crack_5mm,upward_crack,4,130,0,30,5,,,,
555,444:0265:130_0_25_5,train,444.xlsx,upward_crack_5mm,upward_crack,4,130,0,25,5,,,,
556,444:0266:130_0_20_5,test,444.xlsx,upward_crack_5mm,upward_crack,4,130,0,20,5,,,,
557,444:0267:130_0_15_5,train,444.xlsx,upward_crack_5mm,upward_crack,4,130,0,15,5,,,,
558,444:0268:130_0_10_5,validation,444.xlsx,upward_crack_5mm,upward_crack,4,130,0,10,5,,,,
559,444:0269:130_0_5_5,validation,444.xlsx,upward_crack_5mm,upward_crack,4,130,0,5,5,,,,
560,444:0270:135_0_50_5,test,444.xlsx,upward_crack_5mm,upward_crack,4,135,0,50,5,,,,
561,444:0271:135_0_45_5,train,444.xlsx,upward_crack_5mm,upward_crack,4,135,0,45,5,,,,
562,444:0272:135_0_40_5,validation,444.xlsx,upward_crack_5mm,upward_crack,4,135,0,40,5,,,,
563,444:0273:135_0_35_5,train,444.xlsx,upward_crack_5mm,upward_crack,4,135,0,35,5,,,,
564,444:0274:135_0_30_5,train,444.xlsx,upward_crack_5mm,upward_crack,4,135,0,30,5,,,,
565,444:0275:135_0_25_5,test,444.xlsx,upward_crack_5mm,upward_crack,4,135,0,25,5,,,,
566,444:0276:135_0_20_5,test,444.xlsx,upward_crack_5mm,upward_crack,4,135,0,20,5,,,,
567,444:0277:135_0_15_5,train,444.xlsx,upward_crack_5mm,upward_crack,4,135,0,15,5,,,,
568,444:0278:135_0_10_5,train,444.xlsx,upward_crack_5mm,upward_crack,4,135,0,10,5,,,,
569,444:0279:135_0_5_5,train,444.xlsx,upward_crack_5mm,upward_crack,4,135,0,5,5,,,,
570,444:0280:140_0_50_5,train,444.xlsx,upward_crack_5mm,upward_crack,4,140,0,50,5,,,,
571,444:0281:140_0_45_5,train,444.xlsx,upward_crack_5mm,upward_crack,4,140,0,45,5,,,,
572,444:0282:140_0_40_5,validation,444.xlsx,upward_crack_5mm,upward_crack,4,140,0,40,5,,,,
573,444:0283:140_0_35_5,train,444.xlsx,upward_crack_5mm,upward_crack,4,140,0,35,5,,,,
574,444:0284:140_0_30_5,train,444.xlsx,upward_crack_5mm,upward_crack,4,140,0,30,5,,,,
575,444:0285:140_0_25_5,train,444.xlsx,upward_crack_5mm,upward_crack,4,140,0,25,5,,,,
576,444:0286:140_0_20_5,train,444.xlsx,upward_crack_5mm,upward_crack,4,140,0,20,5,,,,
577,444:0287:140_0_15_5,train,444.xlsx,upward_crack_5mm,upward_crack,4,140,0,15,5,,,,
578,444:0288:140_0_10_5,train,444.xlsx,upward_crack_5mm,upward_crack,4,140,0,10,5,,,,
579,444:0289:140_0_5_5,train,444.xlsx,upward_crack_5mm,upward_crack,4,140,0,5,5,,,,
580,777:0000:0_0_0_5,train,777.xlsx,circular_hole,circular_hole,4,0,0,0,5,,,,
581,777:0001:0_0_0_10,test,777.xlsx,circular_hole,circular_hole,4,0,0,0,10,,,,
582,777:0002:0_5_0_5,train,777.xlsx,circular_hole,circular_hole,4,0,5,0,5,,,,
583,777:0003:0_5_0_10,train,777.xlsx,circular_hole,circular_hole,4,0,5,0,10,,,,
584,777:0004:0_10_0_5,train,777.xlsx,circular_hole,circular_hole,4,0,10,0,5,,,,
585,777:0005:0_10_0_10,train,777.xlsx,circular_hole,circular_hole,4,0,10,0,10,,,,
586,777:0006:0_15_0_5,train,777.xlsx,circular_hole,circular_hole,4,0,15,0,5,,,,
587,777:0007:0_15_0_10,train,777.xlsx,circular_hole,circular_hole,4,0,15,0,10,,,,
588,777:0008:0_20_0_5,train,777.xlsx,circular_hole,circular_hole,4,0,20,0,5,,,,
589,777:0009:0_20_0_10,train,777.xlsx,circular_hole,circular_hole,4,0,20,0,10,,,,
590,777:0010:0_25_0_5,train,777.xlsx,circular_hole,circular_hole,4,0,25,0,5,,,,
591,777:0011:0_25_0_10,train,777.xlsx,circular_hole,circular_hole,4,0,25,0,10,,,,
592,777:0012:0_30_0_5,train,777.xlsx,circular_hole,circular_hole,4,0,30,0,5,,,,
593,777:0013:0_30_0_10,test,777.xlsx,circular_hole,circular_hole,4,0,30,0,10,,,,
594,777:0014:0_35_0_5,validation,777.xlsx,circular_hole,circular_hole,4,0,35,0,5,,,,
595,777:0015:0_35_0_10,train,777.xlsx,circular_hole,circular_hole,4,0,35,0,10,,,,
596,777:0016:0_40_0_5,train,777.xlsx,circular_hole,circular_hole,4,0,40,0,5,,,,
597,777:0017:0_40_0_10,train,777.xlsx,circular_hole,circular_hole,4,0,40,0,10,,,,
598,777:0018:0_45_0_5,train,777.xlsx,circular_hole,circular_hole,4,0,45,0,5,,,,
599,777:0019:0_45_0_10,train,777.xlsx,circular_hole,circular_hole,4,0,45,0,10,,,,
600,777:0020:0_50_0_5,test,777.xlsx,circular_hole,circular_hole,4,0,50,0,5,,,,
601,777:0021:0_50_0_10,test,777.xlsx,circular_hole,circular_hole,4,0,50,0,10,,,,
602,777:0022:0_55_0_5,train,777.xlsx,circular_hole,circular_hole,4,0,55,0,5,,,,
603,777:0023:0_55_0_10,train,777.xlsx,circular_hole,circular_hole,4,0,55,0,10,,,,
604,777:0024:0_60_0_5,train,777.xlsx,circular_hole,circular_hole,4,0,60,0,5,,,,
605,777:0025:0_60_0_10,train,777.xlsx,circular_hole,circular_hole,4,0,60,0,10,,,,
606,777:0026:0_65_0_5,train,777.xlsx,circular_hole,circular_hole,4,0,65,0,5,,,,
607,777:0027:0_65_0_10,train,777.xlsx,circular_hole,circular_hole,4,0,65,0,10,,,,
608,777:0028:0_70_0_5,train,777.xlsx,circular_hole,circular_hole,4,0,70,0,5,,,,
609,777:0029:0_70_0_10,train,777.xlsx,circular_hole,circular_hole,4,0,70,0,10,,,,
610,777:0030:0_75_0_5,validation,777.xlsx,circular_hole,circular_hole,4,0,75,0,5,,,,
611,777:0031:0_75_0_10,train,777.xlsx,circular_hole,circular_hole,4,0,75,0,10,,,,
612,777:0032:0_80_0_5,train,777.xlsx,circular_hole,circular_hole,4,0,80,0,5,,,,
613,777:0033:0_80_0_10,train,777.xlsx,circular_hole,circular_hole,4,0,80,0,10,,,,
614,777:0034:0_85_0_5,test,777.xlsx,circular_hole,circular_hole,4,0,85,0,5,,,,
615,777:0035:0_85_0_10,train,777.xlsx,circular_hole,circular_hole,4,0,85,0,10,,,,
616,777:0036:0_90_0_5,train,777.xlsx,circular_hole,circular_hole,4,0,90,0,5,,,,
617,777:0037:0_90_0_10,train,777.xlsx,circular_hole,circular_hole,4,0,90,0,10,,,,
618,777:0038:0_95_0_5,train,777.xlsx,circular_hole,circular_hole,4,0,95,0,5,,,,
619,777:0039:0_95_0_10,validation,777.xlsx,circular_hole,circular_hole,4,0,95,0,10,,,,
620,777:0040:0_100_0_5,test,777.xlsx,circular_hole,circular_hole,4,0,100,0,5,,,,
621,777:0041:0_100_0_10,train,777.xlsx,circular_hole,circular_hole,4,0,100,0,10,,,,
622,777:0042:5_0_0_5,train,777.xlsx,circular_hole,circular_hole,4,5,0,0,5,,,,
623,777:0043:5_0_0_10,train,777.xlsx,circular_hole,circular_hole,4,5,0,0,10,,,,
624,777:0044:5_5_0_5,train,777.xlsx,circular_hole,circular_hole,4,5,5,0,5,,,,
625,777:0045:5_5_0_10,train,777.xlsx,circular_hole,circular_hole,4,5,5,0,10,,,,
626,777:0046:5_10_0_5,train,777.xlsx,circular_hole,circular_hole,4,5,10,0,5,,,,
627,777:0047:5_10_0_10,train,777.xlsx,circular_hole,circular_hole,4,5,10,0,10,,,,
628,777:0048:5_15_0_5,train,777.xlsx,circular_hole,circular_hole,4,5,15,0,5,,,,
629,777:0049:5_15_0_10,train,777.xlsx,circular_hole,circular_hole,4,5,15,0,10,,,,
630,777:0050:5_20_0_5,validation,777.xlsx,circular_hole,circular_hole,4,5,20,0,5,,,,
631,777:0051:5_20_0_10,train,777.xlsx,circular_hole,circular_hole,4,5,20,0,10,,,,
632,777:0052:5_25_0_5,test,777.xlsx,circular_hole,circular_hole,4,5,25,0,5,,,,
633,777:0053:5_25_0_10,train,777.xlsx,circular_hole,circular_hole,4,5,25,0,10,,,,
634,777:0054:5_30_0_5,train,777.xlsx,circular_hole,circular_hole,4,5,30,0,5,,,,
635,777:0055:5_30_0_10,train,777.xlsx,circular_hole,circular_hole,4,5,30,0,10,,,,
636,777:0056:5_35_0_5,train,777.xlsx,circular_hole,circular_hole,4,5,35,0,5,,,,
637,777:0057:5_35_0_10,train,777.xlsx,circular_hole,circular_hole,4,5,35,0,10,,,,
638,777:0058:5_40_0_5,validation,777.xlsx,circular_hole,circular_hole,4,5,40,0,5,,,,
639,777:0059:5_40_0_10,train,777.xlsx,circular_hole,circular_hole,4,5,40,0,10,,,,
640,777:0060:5_45_0_5,train,777.xlsx,circular_hole,circular_hole,4,5,45,0,5,,,,
641,777:0061:5_45_0_10,train,777.xlsx,circular_hole,circular_hole,4,5,45,0,10,,,,
642,777:0062:5_50_0_5,train,777.xlsx,circular_hole,circular_hole,4,5,50,0,5,,,,
643,777:0063:5_50_0_10,train,777.xlsx,circular_hole,circular_hole,4,5,50,0,10,,,,
644,777:0064:5_55_0_5,train,777.xlsx,circular_hole,circular_hole,4,5,55,0,5,,,,
645,777:0065:5_55_0_10,train,777.xlsx,circular_hole,circular_hole,4,5,55,0,10,,,,
646,777:0066:5_60_0_5,train,777.xlsx,circular_hole,circular_hole,4,5,60,0,5,,,,
647,777:0067:5_60_0_10,train,777.xlsx,circular_hole,circular_hole,4,5,60,0,10,,,,
648,777:0068:5_65_0_5,train,777.xlsx,circular_hole,circular_hole,4,5,65,0,5,,,,
649,777:0069:5_65_0_10,train,777.xlsx,circular_hole,circular_hole,4,5,65,0,10,,,,
650,777:0070:5_70_0_5,train,777.xlsx,circular_hole,circular_hole,4,5,70,0,5,,,,
651,777:0071:5_70_0_10,train,777.xlsx,circular_hole,circular_hole,4,5,70,0,10,,,,
652,777:0072:5_75_0_5,validation,777.xlsx,circular_hole,circular_hole,4,5,75,0,5,,,,
653,777:0073:5_75_0_10,train,777.xlsx,circular_hole,circular_hole,4,5,75,0,10,,,,
654,777:0074:5_80_0_5,train,777.xlsx,circular_hole,circular_hole,4,5,80,0,5,,,,
655,777:0075:5_80_0_10,train,777.xlsx,circular_hole,circular_hole,4,5,80,0,10,,,,
656,777:0076:5_85_0_5,train,777.xlsx,circular_hole,circular_hole,4,5,85,0,5,,,,
657,777:0077:5_85_0_10,train,777.xlsx,circular_hole,circular_hole,4,5,85,0,10,,,,
658,777:0078:5_90_0_5,train,777.xlsx,circular_hole,circular_hole,4,5,90,0,5,,,,
659,777:0079:5_90_0_10,train,777.xlsx,circular_hole,circular_hole,4,5,90,0,10,,,,
660,777:0080:5_95_0_5,test,777.xlsx,circular_hole,circular_hole,4,5,95,0,5,,,,
661,777:0081:5_95_0_10,train,777.xlsx,circular_hole,circular_hole,4,5,95,0,10,,,,
662,777:0082:5_100_0_5,validation,777.xlsx,circular_hole,circular_hole,4,5,100,0,5,,,,
663,777:0083:5_100_0_10,train,777.xlsx,circular_hole,circular_hole,4,5,100,0,10,,,,
664,777:0084:10_0_0_5,train,777.xlsx,circular_hole,circular_hole,4,10,0,0,5,,,,
665,777:0085:10_0_0_10,validation,777.xlsx,circular_hole,circular_hole,4,10,0,0,10,,,,
666,777:0086:10_5_0_5,validation,777.xlsx,circular_hole,circular_hole,4,10,5,0,5,,,,
667,777:0087:10_5_0_10,test,777.xlsx,circular_hole,circular_hole,4,10,5,0,10,,,,
668,777:0088:10_10_0_5,train,777.xlsx,circular_hole,circular_hole,4,10,10,0,5,,,,
669,777:0089:10_10_0_10,train,777.xlsx,circular_hole,circular_hole,4,10,10,0,10,,,,
670,777:0090:10_15_0_5,train,777.xlsx,circular_hole,circular_hole,4,10,15,0,5,,,,
671,777:0091:10_15_0_10,test,777.xlsx,circular_hole,circular_hole,4,10,15,0,10,,,,
672,777:0092:10_20_0_5,train,777.xlsx,circular_hole,circular_hole,4,10,20,0,5,,,,
673,777:0093:10_20_0_10,train,777.xlsx,circular_hole,circular_hole,4,10,20,0,10,,,,
674,777:0094:10_25_0_5,train,777.xlsx,circular_hole,circular_hole,4,10,25,0,5,,,,
675,777:0095:10_25_0_10,train,777.xlsx,circular_hole,circular_hole,4,10,25,0,10,,,,
676,777:0096:10_30_0_5,train,777.xlsx,circular_hole,circular_hole,4,10,30,0,5,,,,
677,777:0097:10_30_0_10,train,777.xlsx,circular_hole,circular_hole,4,10,30,0,10,,,,
678,777:0098:10_35_0_5,train,777.xlsx,circular_hole,circular_hole,4,10,35,0,5,,,,
679,777:0099:10_35_0_10,train,777.xlsx,circular_hole,circular_hole,4,10,35,0,10,,,,
680,777:0100:10_40_0_5,train,777.xlsx,circular_hole,circular_hole,4,10,40,0,5,,,,
681,777:0101:10_40_0_10,train,777.xlsx,circular_hole,circular_hole,4,10,40,0,10,,,,
682,777:0102:10_45_0_5,train,777.xlsx,circular_hole,circular_hole,4,10,45,0,5,,,,
683,777:0103:10_45_0_10,validation,777.xlsx,circular_hole,circular_hole,4,10,45,0,10,,,,
684,777:0104:10_50_0_5,train,777.xlsx,circular_hole,circular_hole,4,10,50,0,5,,,,
685,777:0105:10_50_0_10,test,777.xlsx,circular_hole,circular_hole,4,10,50,0,10,,,,
686,777:0106:10_55_0_5,train,777.xlsx,circular_hole,circular_hole,4,10,55,0,5,,,,
687,777:0107:10_55_0_10,train,777.xlsx,circular_hole,circular_hole,4,10,55,0,10,,,,
688,777:0108:10_60_0_5,train,777.xlsx,circular_hole,circular_hole,4,10,60,0,5,,,,
689,777:0109:10_60_0_10,train,777.xlsx,circular_hole,circular_hole,4,10,60,0,10,,,,
690,777:0110:10_65_0_5,train,777.xlsx,circular_hole,circular_hole,4,10,65,0,5,,,,
691,777:0111:10_65_0_10,train,777.xlsx,circular_hole,circular_hole,4,10,65,0,10,,,,
692,777:0112:10_70_0_5,train,777.xlsx,circular_hole,circular_hole,4,10,70,0,5,,,,
693,777:0113:10_70_0_10,train,777.xlsx,circular_hole,circular_hole,4,10,70,0,10,,,,
694,777:0114:10_75_0_5,train,777.xlsx,circular_hole,circular_hole,4,10,75,0,5,,,,
695,777:0115:10_75_0_10,train,777.xlsx,circular_hole,circular_hole,4,10,75,0,10,,,,
696,777:0116:10_80_0_5,train,777.xlsx,circular_hole,circular_hole,4,10,80,0,5,,,,
697,777:0117:10_80_0_10,train,777.xlsx,circular_hole,circular_hole,4,10,80,0,10,,,,
698,777:0118:10_85_0_5,train,777.xlsx,circular_hole,circular_hole,4,10,85,0,5,,,,
699,777:0119:10_85_0_10,train,777.xlsx,circular_hole,circular_hole,4,10,85,0,10,,,,
700,777:0120:10_90_0_5,validation,777.xlsx,circular_hole,circular_hole,4,10,90,0,5,,,,
701,777:0121:10_90_0_10,test,777.xlsx,circular_hole,circular_hole,4,10,90,0,10,,,,
702,777:0122:10_95_0_5,train,777.xlsx,circular_hole,circular_hole,4,10,95,0,5,,,,
703,777:0123:10_95_0_10,train,777.xlsx,circular_hole,circular_hole,4,10,95,0,10,,,,
704,777:0124:10_100_0_5,train,777.xlsx,circular_hole,circular_hole,4,10,100,0,5,,,,
705,777:0125:10_100_0_10,train,777.xlsx,circular_hole,circular_hole,4,10,100,0,10,,,,
706,777:0126:15_0_0_5,train,777.xlsx,circular_hole,circular_hole,4,15,0,0,5,,,,
707,777:0127:15_0_0_10,train,777.xlsx,circular_hole,circular_hole,4,15,0,0,10,,,,
708,777:0128:15_5_0_5,validation,777.xlsx,circular_hole,circular_hole,4,15,5,0,5,,,,
709,777:0129:15_5_0_10,train,777.xlsx,circular_hole,circular_hole,4,15,5,0,10,,,,
710,777:0130:15_10_0_5,test,777.xlsx,circular_hole,circular_hole,4,15,10,0,5,,,,
711,777:0131:15_10_0_10,train,777.xlsx,circular_hole,circular_hole,4,15,10,0,10,,,,
712,777:0132:15_15_0_5,train,777.xlsx,circular_hole,circular_hole,4,15,15,0,5,,,,
713,777:0133:15_15_0_10,validation,777.xlsx,circular_hole,circular_hole,4,15,15,0,10,,,,
714,777:0134:15_20_0_5,train,777.xlsx,circular_hole,circular_hole,4,15,20,0,5,,,,
715,777:0135:15_20_0_10,train,777.xlsx,circular_hole,circular_hole,4,15,20,0,10,,,,
716,777:0136:15_25_0_5,train,777.xlsx,circular_hole,circular_hole,4,15,25,0,5,,,,
717,777:0137:15_25_0_10,train,777.xlsx,circular_hole,circular_hole,4,15,25,0,10,,,,
718,777:0138:15_30_0_5,train,777.xlsx,circular_hole,circular_hole,4,15,30,0,5,,,,
719,777:0139:15_30_0_10,train,777.xlsx,circular_hole,circular_hole,4,15,30,0,10,,,,
720,777:0140:15_35_0_5,train,777.xlsx,circular_hole,circular_hole,4,15,35,0,5,,,,
721,777:0141:15_35_0_10,train,777.xlsx,circular_hole,circular_hole,4,15,35,0,10,,,,
722,777:0142:15_40_0_5,train,777.xlsx,circular_hole,circular_hole,4,15,40,0,5,,,,
723,777:0143:15_40_0_10,train,777.xlsx,circular_hole,circular_hole,4,15,40,0,10,,,,
724,777:0144:15_45_0_5,train,777.xlsx,circular_hole,circular_hole,4,15,45,0,5,,,,
725,777:0145:15_45_0_10,train,777.xlsx,circular_hole,circular_hole,4,15,45,0,10,,,,
726,777:0146:15_50_0_5,train,777.xlsx,circular_hole,circular_hole,4,15,50,0,5,,,,
727,777:0147:15_50_0_10,train,777.xlsx,circular_hole,circular_hole,4,15,50,0,10,,,,
728,777:0148:15_55_0_5,train,777.xlsx,circular_hole,circular_hole,4,15,55,0,5,,,,
729,777:0149:15_55_0_10,train,777.xlsx,circular_hole,circular_hole,4,15,55,0,10,,,,
730,777:0150:15_60_0_5,train,777.xlsx,circular_hole,circular_hole,4,15,60,0,5,,,,
731,777:0151:15_60_0_10,train,777.xlsx,circular_hole,circular_hole,4,15,60,0,10,,,,
732,777:0152:15_65_0_5,train,777.xlsx,circular_hole,circular_hole,4,15,65,0,5,,,,
733,777:0153:15_65_0_10,train,777.xlsx,circular_hole,circular_hole,4,15,65,0,10,,,,
734,777:0154:15_70_0_5,train,777.xlsx,circular_hole,circular_hole,4,15,70,0,5,,,,
735,777:0155:15_70_0_10,train,777.xlsx,circular_hole,circular_hole,4,15,70,0,10,,,,
736,777:0156:15_75_0_5,test,777.xlsx,circular_hole,circular_hole,4,15,75,0,5,,,,
737,777:0157:15_75_0_10,train,777.xlsx,circular_hole,circular_hole,4,15,75,0,10,,,,
738,777:0158:15_80_0_5,train,777.xlsx,circular_hole,circular_hole,4,15,80,0,5,,,,
739,777:0159:15_80_0_10,train,777.xlsx,circular_hole,circular_hole,4,15,80,0,10,,,,
740,777:0160:15_85_0_5,train,777.xlsx,circular_hole,circular_hole,4,15,85,0,5,,,,
741,777:0161:15_85_0_10,test,777.xlsx,circular_hole,circular_hole,4,15,85,0,10,,,,
742,777:0162:15_90_0_5,train,777.xlsx,circular_hole,circular_hole,4,15,90,0,5,,,,
743,777:0163:15_90_0_10,validation,777.xlsx,circular_hole,circular_hole,4,15,90,0,10,,,,
744,777:0164:15_95_0_5,validation,777.xlsx,circular_hole,circular_hole,4,15,95,0,5,,,,
745,777:0165:15_95_0_10,train,777.xlsx,circular_hole,circular_hole,4,15,95,0,10,,,,
746,777:0166:15_100_0_5,test,777.xlsx,circular_hole,circular_hole,4,15,100,0,5,,,,
747,777:0167:15_100_0_10,train,777.xlsx,circular_hole,circular_hole,4,15,100,0,10,,,,
748,777:0168:20_0_0_5,train,777.xlsx,circular_hole,circular_hole,4,20,0,0,5,,,,
749,777:0169:20_0_0_10,train,777.xlsx,circular_hole,circular_hole,4,20,0,0,10,,,,
750,777:0170:20_5_0_5,train,777.xlsx,circular_hole,circular_hole,4,20,5,0,5,,,,
751,777:0171:20_5_0_10,train,777.xlsx,circular_hole,circular_hole,4,20,5,0,10,,,,
752,777:0172:20_10_0_5,train,777.xlsx,circular_hole,circular_hole,4,20,10,0,5,,,,
753,777:0173:20_10_0_10,train,777.xlsx,circular_hole,circular_hole,4,20,10,0,10,,,,
754,777:0174:20_15_0_5,train,777.xlsx,circular_hole,circular_hole,4,20,15,0,5,,,,
755,777:0175:20_15_0_10,train,777.xlsx,circular_hole,circular_hole,4,20,15,0,10,,,,
756,777:0176:20_20_0_5,train,777.xlsx,circular_hole,circular_hole,4,20,20,0,5,,,,
757,777:0177:20_20_0_10,train,777.xlsx,circular_hole,circular_hole,4,20,20,0,10,,,,
758,777:0178:20_25_0_5,train,777.xlsx,circular_hole,circular_hole,4,20,25,0,5,,,,
759,777:0179:20_25_0_10,train,777.xlsx,circular_hole,circular_hole,4,20,25,0,10,,,,
760,777:0180:20_30_0_5,train,777.xlsx,circular_hole,circular_hole,4,20,30,0,5,,,,
761,777:0181:20_30_0_10,train,777.xlsx,circular_hole,circular_hole,4,20,30,0,10,,,,
762,777:0182:20_35_0_5,train,777.xlsx,circular_hole,circular_hole,4,20,35,0,5,,,,
763,777:0183:20_35_0_10,train,777.xlsx,circular_hole,circular_hole,4,20,35,0,10,,,,
764,777:0184:20_40_0_5,train,777.xlsx,circular_hole,circular_hole,4,20,40,0,5,,,,
765,777:0185:20_40_0_10,train,777.xlsx,circular_hole,circular_hole,4,20,40,0,10,,,,
766,777:0186:20_45_0_5,train,777.xlsx,circular_hole,circular_hole,4,20,45,0,5,,,,
767,777:0187:20_45_0_10,test,777.xlsx,circular_hole,circular_hole,4,20,45,0,10,,,,
768,777:0188:20_50_0_5,train,777.xlsx,circular_hole,circular_hole,4,20,50,0,5,,,,
769,777:0189:20_50_0_10,test,777.xlsx,circular_hole,circular_hole,4,20,50,0,10,,,,
770,777:0190:20_55_0_5,validation,777.xlsx,circular_hole,circular_hole,4,20,55,0,5,,,,
771,777:0191:20_55_0_10,train,777.xlsx,circular_hole,circular_hole,4,20,55,0,10,,,,
772,777:0192:20_60_0_5,train,777.xlsx,circular_hole,circular_hole,4,20,60,0,5,,,,
773,777:0193:20_60_0_10,train,777.xlsx,circular_hole,circular_hole,4,20,60,0,10,,,,
774,777:0194:20_65_0_5,train,777.xlsx,circular_hole,circular_hole,4,20,65,0,5,,,,
775,777:0195:20_65_0_10,train,777.xlsx,circular_hole,circular_hole,4,20,65,0,10,,,,
776,777:0196:20_70_0_5,train,777.xlsx,circular_hole,circular_hole,4,20,70,0,5,,,,
777,777:0197:20_70_0_10,train,777.xlsx,circular_hole,circular_hole,4,20,70,0,10,,,,
778,777:0198:20_75_0_5,train,777.xlsx,circular_hole,circular_hole,4,20,75,0,5,,,,
779,777:0199:20_75_0_10,train,777.xlsx,circular_hole,circular_hole,4,20,75,0,10,,,,
780,777:0200:20_80_0_5,train,777.xlsx,circular_hole,circular_hole,4,20,80,0,5,,,,
781,777:0201:20_80_0_10,test,777.xlsx,circular_hole,circular_hole,4,20,80,0,10,,,,
782,777:0202:20_85_0_5,train,777.xlsx,circular_hole,circular_hole,4,20,85,0,5,,,,
783,777:0203:20_85_0_10,train,777.xlsx,circular_hole,circular_hole,4,20,85,0,10,,,,
784,777:0204:20_90_0_5,train,777.xlsx,circular_hole,circular_hole,4,20,90,0,5,,,,
785,777:0205:20_90_0_10,test,777.xlsx,circular_hole,circular_hole,4,20,90,0,10,,,,
786,777:0206:20_95_0_5,train,777.xlsx,circular_hole,circular_hole,4,20,95,0,5,,,,
787,777:0207:20_95_0_10,train,777.xlsx,circular_hole,circular_hole,4,20,95,0,10,,,,
788,777:0208:20_100_0_5,train,777.xlsx,circular_hole,circular_hole,4,20,100,0,5,,,,
789,777:0209:20_100_0_10,train,777.xlsx,circular_hole,circular_hole,4,20,100,0,10,,,,
790,777:0210:25_0_0_5,train,777.xlsx,circular_hole,circular_hole,4,25,0,0,5,,,,
791,777:0211:25_0_0_10,train,777.xlsx,circular_hole,circular_hole,4,25,0,0,10,,,,
792,777:0212:25_5_0_5,validation,777.xlsx,circular_hole,circular_hole,4,25,5,0,5,,,,
793,777:0213:25_5_0_10,train,777.xlsx,circular_hole,circular_hole,4,25,5,0,10,,,,
794,777:0214:25_10_0_5,train,777.xlsx,circular_hole,circular_hole,4,25,10,0,5,,,,
795,777:0215:25_10_0_10,train,777.xlsx,circular_hole,circular_hole,4,25,10,0,10,,,,
796,777:0216:25_15_0_5,test,777.xlsx,circular_hole,circular_hole,4,25,15,0,5,,,,
797,777:0217:25_15_0_10,train,777.xlsx,circular_hole,circular_hole,4,25,15,0,10,,,,
798,777:0218:25_20_0_5,train,777.xlsx,circular_hole,circular_hole,4,25,20,0,5,,,,
799,777:0219:25_20_0_10,train,777.xlsx,circular_hole,circular_hole,4,25,20,0,10,,,,
800,777:0220:25_25_0_5,train,777.xlsx,circular_hole,circular_hole,4,25,25,0,5,,,,
801,777:0221:25_25_0_10,train,777.xlsx,circular_hole,circular_hole,4,25,25,0,10,,,,
802,777:0222:25_30_0_5,train,777.xlsx,circular_hole,circular_hole,4,25,30,0,5,,,,
803,777:0223:25_30_0_10,train,777.xlsx,circular_hole,circular_hole,4,25,30,0,10,,,,
804,777:0224:25_35_0_5,train,777.xlsx,circular_hole,circular_hole,4,25,35,0,5,,,,
805,777:0225:25_35_0_10,train,777.xlsx,circular_hole,circular_hole,4,25,35,0,10,,,,
806,777:0226:25_40_0_5,train,777.xlsx,circular_hole,circular_hole,4,25,40,0,5,,,,
807,777:0227:25_40_0_10,train,777.xlsx,circular_hole,circular_hole,4,25,40,0,10,,,,
808,777:0228:25_45_0_5,train,777.xlsx,circular_hole,circular_hole,4,25,45,0,5,,,,
809,777:0229:25_45_0_10,train,777.xlsx,circular_hole,circular_hole,4,25,45,0,10,,,,
810,777:0230:25_50_0_5,train,777.xlsx,circular_hole,circular_hole,4,25,50,0,5,,,,
811,777:0231:25_50_0_10,train,777.xlsx,circular_hole,circular_hole,4,25,50,0,10,,,,
812,777:0232:25_55_0_5,train,777.xlsx,circular_hole,circular_hole,4,25,55,0,5,,,,
813,777:0233:25_55_0_10,train,777.xlsx,circular_hole,circular_hole,4,25,55,0,10,,,,
814,777:0234:25_60_0_5,train,777.xlsx,circular_hole,circular_hole,4,25,60,0,5,,,,
815,777:0235:25_60_0_10,train,777.xlsx,circular_hole,circular_hole,4,25,60,0,10,,,,
816,777:0236:25_65_0_5,train,777.xlsx,circular_hole,circular_hole,4,25,65,0,5,,,,
817,777:0237:25_65_0_10,train,777.xlsx,circular_hole,circular_hole,4,25,65,0,10,,,,
818,777:0238:25_70_0_5,train,777.xlsx,circular_hole,circular_hole,4,25,70,0,5,,,,
819,777:0239:25_70_0_10,train,777.xlsx,circular_hole,circular_hole,4,25,70,0,10,,,,
820,777:0240:25_75_0_5,train,777.xlsx,circular_hole,circular_hole,4,25,75,0,5,,,,
821,777:0241:25_75_0_10,test,777.xlsx,circular_hole,circular_hole,4,25,75,0,10,,,,
822,777:0242:25_80_0_5,train,777.xlsx,circular_hole,circular_hole,4,25,80,0,5,,,,
823,777:0243:25_80_0_10,test,777.xlsx,circular_hole,circular_hole,4,25,80,0,10,,,,
824,777:0244:25_85_0_5,train,777.xlsx,circular_hole,circular_hole,4,25,85,0,5,,,,
825,777:0245:25_85_0_10,train,777.xlsx,circular_hole,circular_hole,4,25,85,0,10,,,,
826,777:0246:25_90_0_5,train,777.xlsx,circular_hole,circular_hole,4,25,90,0,5,,,,
827,777:0247:25_90_0_10,train,777.xlsx,circular_hole,circular_hole,4,25,90,0,10,,,,
828,777:0248:25_95_0_5,validation,777.xlsx,circular_hole,circular_hole,4,25,95,0,5,,,,
829,777:0249:25_95_0_10,validation,777.xlsx,circular_hole,circular_hole,4,25,95,0,10,,,,
830,777:0250:25_100_0_5,train,777.xlsx,circular_hole,circular_hole,4,25,100,0,5,,,,
831,777:0251:25_100_0_10,test,777.xlsx,circular_hole,circular_hole,4,25,100,0,10,,,,
832,777:0252:30_0_0_5,test,777.xlsx,circular_hole,circular_hole,4,30,0,0,5,,,,
833,777:0253:30_0_0_10,validation,777.xlsx,circular_hole,circular_hole,4,30,0,0,10,,,,
834,777:0254:30_5_0_5,train,777.xlsx,circular_hole,circular_hole,4,30,5,0,5,,,,
835,777:0255:30_5_0_10,train,777.xlsx,circular_hole,circular_hole,4,30,5,0,10,,,,
836,777:0256:30_10_0_5,train,777.xlsx,circular_hole,circular_hole,4,30,10,0,5,,,,
837,777:0257:30_10_0_10,train,777.xlsx,circular_hole,circular_hole,4,30,10,0,10,,,,
838,777:0258:30_15_0_5,validation,777.xlsx,circular_hole,circular_hole,4,30,15,0,5,,,,
839,777:0259:30_15_0_10,train,777.xlsx,circular_hole,circular_hole,4,30,15,0,10,,,,
840,777:0260:30_20_0_5,train,777.xlsx,circular_hole,circular_hole,4,30,20,0,5,,,,
841,777:0261:30_20_0_10,train,777.xlsx,circular_hole,circular_hole,4,30,20,0,10,,,,
842,777:0262:30_25_0_5,train,777.xlsx,circular_hole,circular_hole,4,30,25,0,5,,,,
843,777:0263:30_25_0_10,train,777.xlsx,circular_hole,circular_hole,4,30,25,0,10,,,,
844,777:0264:30_30_0_5,train,777.xlsx,circular_hole,circular_hole,4,30,30,0,5,,,,
845,777:0265:30_30_0_10,train,777.xlsx,circular_hole,circular_hole,4,30,30,0,10,,,,
846,777:0266:30_35_0_5,train,777.xlsx,circular_hole,circular_hole,4,30,35,0,5,,,,
847,777:0267:30_35_0_10,train,777.xlsx,circular_hole,circular_hole,4,30,35,0,10,,,,
848,777:0268:30_40_0_5,train,777.xlsx,circular_hole,circular_hole,4,30,40,0,5,,,,
849,777:0269:30_40_0_10,test,777.xlsx,circular_hole,circular_hole,4,30,40,0,10,,,,
850,777:0270:30_45_0_5,test,777.xlsx,circular_hole,circular_hole,4,30,45,0,5,,,,
851,777:0271:30_45_0_10,train,777.xlsx,circular_hole,circular_hole,4,30,45,0,10,,,,
852,777:0272:30_50_0_5,train,777.xlsx,circular_hole,circular_hole,4,30,50,0,5,,,,
853,777:0273:30_50_0_10,test,777.xlsx,circular_hole,circular_hole,4,30,50,0,10,,,,
854,777:0274:30_55_0_5,train,777.xlsx,circular_hole,circular_hole,4,30,55,0,5,,,,
855,777:0275:30_55_0_10,train,777.xlsx,circular_hole,circular_hole,4,30,55,0,10,,,,
856,777:0276:30_60_0_5,test,777.xlsx,circular_hole,circular_hole,4,30,60,0,5,,,,
857,777:0277:30_60_0_10,train,777.xlsx,circular_hole,circular_hole,4,30,60,0,10,,,,
858,777:0278:30_65_0_5,validation,777.xlsx,circular_hole,circular_hole,4,30,65,0,5,,,,
859,777:0279:30_65_0_10,train,777.xlsx,circular_hole,circular_hole,4,30,65,0,10,,,,
860,777:0280:30_70_0_5,train,777.xlsx,circular_hole,circular_hole,4,30,70,0,5,,,,
861,777:0281:30_70_0_10,train,777.xlsx,circular_hole,circular_hole,4,30,70,0,10,,,,
862,777:0282:30_75_0_5,train,777.xlsx,circular_hole,circular_hole,4,30,75,0,5,,,,
863,777:0283:30_75_0_10,train,777.xlsx,circular_hole,circular_hole,4,30,75,0,10,,,,
864,777:0284:30_80_0_5,train,777.xlsx,circular_hole,circular_hole,4,30,80,0,5,,,,
865,777:0285:30_80_0_10,train,777.xlsx,circular_hole,circular_hole,4,30,80,0,10,,,,
866,777:0286:30_85_0_5,train,777.xlsx,circular_hole,circular_hole,4,30,85,0,5,,,,
867,777:0287:30_85_0_10,train,777.xlsx,circular_hole,circular_hole,4,30,85,0,10,,,,
868,777:0288:30_90_0_5,train,777.xlsx,circular_hole,circular_hole,4,30,90,0,5,,,,
869,777:0289:30_90_0_10,train,777.xlsx,circular_hole,circular_hole,4,30,90,0,10,,,,
870,777:0290:30_95_0_5,train,777.xlsx,circular_hole,circular_hole,4,30,95,0,5,,,,
871,777:0291:30_95_0_10,train,777.xlsx,circular_hole,circular_hole,4,30,95,0,10,,,,
872,777:0292:30_100_0_5,train,777.xlsx,circular_hole,circular_hole,4,30,100,0,5,,,,
873,777:0293:30_100_0_10,train,777.xlsx,circular_hole,circular_hole,4,30,100,0,10,,,,
874,777:0294:35_0_0_5,train,777.xlsx,circular_hole,circular_hole,4,35,0,0,5,,,,
875,777:0295:35_0_0_10,test,777.xlsx,circular_hole,circular_hole,4,35,0,0,10,,,,
876,777:0296:35_5_0_5,train,777.xlsx,circular_hole,circular_hole,4,35,5,0,5,,,,
877,777:0297:35_5_0_10,train,777.xlsx,circular_hole,circular_hole,4,35,5,0,10,,,,
878,777:0298:35_10_0_5,train,777.xlsx,circular_hole,circular_hole,4,35,10,0,5,,,,
879,777:0299:35_10_0_10,train,777.xlsx,circular_hole,circular_hole,4,35,10,0,10,,,,
880,777:0300:35_15_0_5,train,777.xlsx,circular_hole,circular_hole,4,35,15,0,5,,,,
881,777:0301:35_15_0_10,train,777.xlsx,circular_hole,circular_hole,4,35,15,0,10,,,,
882,777:0302:35_20_0_5,train,777.xlsx,circular_hole,circular_hole,4,35,20,0,5,,,,
883,777:0303:35_20_0_10,validation,777.xlsx,circular_hole,circular_hole,4,35,20,0,10,,,,
884,777:0304:35_25_0_5,train,777.xlsx,circular_hole,circular_hole,4,35,25,0,5,,,,
885,777:0305:35_25_0_10,train,777.xlsx,circular_hole,circular_hole,4,35,25,0,10,,,,
886,777:0306:35_30_0_5,validation,777.xlsx,circular_hole,circular_hole,4,35,30,0,5,,,,
887,777:0307:35_30_0_10,train,777.xlsx,circular_hole,circular_hole,4,35,30,0,10,,,,
888,777:0308:35_35_0_5,train,777.xlsx,circular_hole,circular_hole,4,35,35,0,5,,,,
889,777:0309:35_35_0_10,train,777.xlsx,circular_hole,circular_hole,4,35,35,0,10,,,,
890,777:0310:35_40_0_5,train,777.xlsx,circular_hole,circular_hole,4,35,40,0,5,,,,
891,777:0311:35_40_0_10,train,777.xlsx,circular_hole,circular_hole,4,35,40,0,10,,,,
892,777:0312:35_45_0_5,train,777.xlsx,circular_hole,circular_hole,4,35,45,0,5,,,,
893,777:0313:35_45_0_10,train,777.xlsx,circular_hole,circular_hole,4,35,45,0,10,,,,
894,777:0314:35_50_0_5,train,777.xlsx,circular_hole,circular_hole,4,35,50,0,5,,,,
895,777:0315:35_50_0_10,test,777.xlsx,circular_hole,circular_hole,4,35,50,0,10,,,,
896,777:0316:35_55_0_5,train,777.xlsx,circular_hole,circular_hole,4,35,55,0,5,,,,
897,777:0317:35_55_0_10,train,777.xlsx,circular_hole,circular_hole,4,35,55,0,10,,,,
898,777:0318:35_60_0_5,train,777.xlsx,circular_hole,circular_hole,4,35,60,0,5,,,,
899,777:0319:35_60_0_10,train,777.xlsx,circular_hole,circular_hole,4,35,60,0,10,,,,
900,777:0320:35_65_0_5,train,777.xlsx,circular_hole,circular_hole,4,35,65,0,5,,,,
901,777:0321:35_65_0_10,train,777.xlsx,circular_hole,circular_hole,4,35,65,0,10,,,,
902,777:0322:35_70_0_5,train,777.xlsx,circular_hole,circular_hole,4,35,70,0,5,,,,
903,777:0323:35_70_0_10,validation,777.xlsx,circular_hole,circular_hole,4,35,70,0,10,,,,
904,777:0324:35_75_0_5,train,777.xlsx,circular_hole,circular_hole,4,35,75,0,5,,,,
905,777:0325:35_75_0_10,train,777.xlsx,circular_hole,circular_hole,4,35,75,0,10,,,,
906,777:0326:35_80_0_5,train,777.xlsx,circular_hole,circular_hole,4,35,80,0,5,,,,
907,777:0327:35_80_0_10,train,777.xlsx,circular_hole,circular_hole,4,35,80,0,10,,,,
908,777:0328:35_85_0_5,train,777.xlsx,circular_hole,circular_hole,4,35,85,0,5,,,,
909,777:0329:35_85_0_10,train,777.xlsx,circular_hole,circular_hole,4,35,85,0,10,,,,
910,777:0330:35_90_0_5,test,777.xlsx,circular_hole,circular_hole,4,35,90,0,5,,,,
911,777:0331:35_90_0_10,train,777.xlsx,circular_hole,circular_hole,4,35,90,0,10,,,,
912,777:0332:35_95_0_5,train,777.xlsx,circular_hole,circular_hole,4,35,95,0,5,,,,
913,777:0333:35_95_0_10,train,777.xlsx,circular_hole,circular_hole,4,35,95,0,10,,,,
914,777:0334:35_100_0_5,train,777.xlsx,circular_hole,circular_hole,4,35,100,0,5,,,,
915,777:0335:35_100_0_10,train,777.xlsx,circular_hole,circular_hole,4,35,100,0,10,,,,
916,777:0336:40_0_0_5,train,777.xlsx,circular_hole,circular_hole,4,40,0,0,5,,,,
917,777:0337:40_0_0_10,test,777.xlsx,circular_hole,circular_hole,4,40,0,0,10,,,,
918,777:0338:40_5_0_5,train,777.xlsx,circular_hole,circular_hole,4,40,5,0,5,,,,
919,777:0339:40_5_0_10,test,777.xlsx,circular_hole,circular_hole,4,40,5,0,10,,,,
920,777:0340:40_10_0_5,train,777.xlsx,circular_hole,circular_hole,4,40,10,0,5,,,,
921,777:0341:40_10_0_10,train,777.xlsx,circular_hole,circular_hole,4,40,10,0,10,,,,
922,777:0342:40_15_0_5,train,777.xlsx,circular_hole,circular_hole,4,40,15,0,5,,,,
923,777:0343:40_15_0_10,test,777.xlsx,circular_hole,circular_hole,4,40,15,0,10,,,,
924,777:0344:40_20_0_5,train,777.xlsx,circular_hole,circular_hole,4,40,20,0,5,,,,
925,777:0345:40_20_0_10,test,777.xlsx,circular_hole,circular_hole,4,40,20,0,10,,,,
926,777:0346:40_25_0_5,train,777.xlsx,circular_hole,circular_hole,4,40,25,0,5,,,,
927,777:0347:40_25_0_10,train,777.xlsx,circular_hole,circular_hole,4,40,25,0,10,,,,
928,777:0348:40_30_0_5,train,777.xlsx,circular_hole,circular_hole,4,40,30,0,5,,,,
929,777:0349:40_30_0_10,train,777.xlsx,circular_hole,circular_hole,4,40,30,0,10,,,,
930,777:0350:40_35_0_5,train,777.xlsx,circular_hole,circular_hole,4,40,35,0,5,,,,
931,777:0351:40_35_0_10,validation,777.xlsx,circular_hole,circular_hole,4,40,35,0,10,,,,
932,777:0352:40_40_0_5,train,777.xlsx,circular_hole,circular_hole,4,40,40,0,5,,,,
933,777:0353:40_40_0_10,train,777.xlsx,circular_hole,circular_hole,4,40,40,0,10,,,,
934,777:0354:40_45_0_5,train,777.xlsx,circular_hole,circular_hole,4,40,45,0,5,,,,
935,777:0355:40_45_0_10,train,777.xlsx,circular_hole,circular_hole,4,40,45,0,10,,,,
936,777:0356:40_50_0_5,train,777.xlsx,circular_hole,circular_hole,4,40,50,0,5,,,,
937,777:0357:40_50_0_10,validation,777.xlsx,circular_hole,circular_hole,4,40,50,0,10,,,,
938,777:0358:40_55_0_5,train,777.xlsx,circular_hole,circular_hole,4,40,55,0,5,,,,
939,777:0359:40_55_0_10,train,777.xlsx,circular_hole,circular_hole,4,40,55,0,10,,,,
940,777:0360:40_60_0_5,train,777.xlsx,circular_hole,circular_hole,4,40,60,0,5,,,,
941,777:0361:40_60_0_10,train,777.xlsx,circular_hole,circular_hole,4,40,60,0,10,,,,
942,777:0362:40_65_0_5,train,777.xlsx,circular_hole,circular_hole,4,40,65,0,5,,,,
943,777:0363:40_65_0_10,train,777.xlsx,circular_hole,circular_hole,4,40,65,0,10,,,,
944,777:0364:40_70_0_5,train,777.xlsx,circular_hole,circular_hole,4,40,70,0,5,,,,
945,777:0365:40_70_0_10,train,777.xlsx,circular_hole,circular_hole,4,40,70,0,10,,,,
946,777:0366:40_75_0_5,test,777.xlsx,circular_hole,circular_hole,4,40,75,0,5,,,,
947,777:0367:40_75_0_10,train,777.xlsx,circular_hole,circular_hole,4,40,75,0,10,,,,
948,777:0368:40_80_0_5,train,777.xlsx,circular_hole,circular_hole,4,40,80,0,5,,,,
949,777:0369:40_80_0_10,validation,777.xlsx,circular_hole,circular_hole,4,40,80,0,10,,,,
950,777:0370:40_85_0_5,train,777.xlsx,circular_hole,circular_hole,4,40,85,0,5,,,,
951,777:0371:40_85_0_10,train,777.xlsx,circular_hole,circular_hole,4,40,85,0,10,,,,
952,777:0372:40_90_0_5,train,777.xlsx,circular_hole,circular_hole,4,40,90,0,5,,,,
953,777:0373:40_90_0_10,train,777.xlsx,circular_hole,circular_hole,4,40,90,0,10,,,,
954,777:0374:40_95_0_5,train,777.xlsx,circular_hole,circular_hole,4,40,95,0,5,,,,
955,777:0375:40_95_0_10,validation,777.xlsx,circular_hole,circular_hole,4,40,95,0,10,,,,
956,777:0376:40_100_0_5,train,777.xlsx,circular_hole,circular_hole,4,40,100,0,5,,,,
957,777:0377:40_100_0_10,train,777.xlsx,circular_hole,circular_hole,4,40,100,0,10,,,,
958,777:0378:45_0_0_5,train,777.xlsx,circular_hole,circular_hole,4,45,0,0,5,,,,
959,777:0379:45_0_0_10,test,777.xlsx,circular_hole,circular_hole,4,45,0,0,10,,,,
960,777:0380:45_5_0_5,validation,777.xlsx,circular_hole,circular_hole,4,45,5,0,5,,,,
961,777:0381:45_5_0_10,train,777.xlsx,circular_hole,circular_hole,4,45,5,0,10,,,,
962,777:0382:45_10_0_5,train,777.xlsx,circular_hole,circular_hole,4,45,10,0,5,,,,
963,777:0383:45_10_0_10,train,777.xlsx,circular_hole,circular_hole,4,45,10,0,10,,,,
964,777:0384:45_15_0_5,train,777.xlsx,circular_hole,circular_hole,4,45,15,0,5,,,,
965,777:0385:45_15_0_10,test,777.xlsx,circular_hole,circular_hole,4,45,15,0,10,,,,
966,777:0386:45_20_0_5,train,777.xlsx,circular_hole,circular_hole,4,45,20,0,5,,,,
967,777:0387:45_20_0_10,test,777.xlsx,circular_hole,circular_hole,4,45,20,0,10,,,,
968,777:0388:45_25_0_5,train,777.xlsx,circular_hole,circular_hole,4,45,25,0,5,,,,
969,777:0389:45_25_0_10,test,777.xlsx,circular_hole,circular_hole,4,45,25,0,10,,,,
970,777:0390:45_30_0_5,train,777.xlsx,circular_hole,circular_hole,4,45,30,0,5,,,,
971,777:0391:45_30_0_10,train,777.xlsx,circular_hole,circular_hole,4,45,30,0,10,,,,
972,777:0392:45_35_0_5,train,777.xlsx,circular_hole,circular_hole,4,45,35,0,5,,,,
973,777:0393:45_35_0_10,train,777.xlsx,circular_hole,circular_hole,4,45,35,0,10,,,,
974,777:0394:45_40_0_5,train,777.xlsx,circular_hole,circular_hole,4,45,40,0,5,,,,
975,777:0395:45_40_0_10,validation,777.xlsx,circular_hole,circular_hole,4,45,40,0,10,,,,
976,777:0396:45_45_0_5,train,777.xlsx,circular_hole,circular_hole,4,45,45,0,5,,,,
977,777:0397:45_45_0_10,train,777.xlsx,circular_hole,circular_hole,4,45,45,0,10,,,,
978,777:0398:45_50_0_5,train,777.xlsx,circular_hole,circular_hole,4,45,50,0,5,,,,
979,777:0399:45_50_0_10,train,777.xlsx,circular_hole,circular_hole,4,45,50,0,10,,,,
980,777:0400:45_55_0_5,train,777.xlsx,circular_hole,circular_hole,4,45,55,0,5,,,,
981,777:0401:45_55_0_10,test,777.xlsx,circular_hole,circular_hole,4,45,55,0,10,,,,
982,777:0402:45_60_0_5,train,777.xlsx,circular_hole,circular_hole,4,45,60,0,5,,,,
983,777:0403:45_60_0_10,train,777.xlsx,circular_hole,circular_hole,4,45,60,0,10,,,,
984,777:0404:45_65_0_5,validation,777.xlsx,circular_hole,circular_hole,4,45,65,0,5,,,,
985,777:0405:45_65_0_10,validation,777.xlsx,circular_hole,circular_hole,4,45,65,0,10,,,,
986,777:0406:45_70_0_5,train,777.xlsx,circular_hole,circular_hole,4,45,70,0,5,,,,
987,777:0407:45_70_0_10,train,777.xlsx,circular_hole,circular_hole,4,45,70,0,10,,,,
988,777:0408:45_75_0_5,validation,777.xlsx,circular_hole,circular_hole,4,45,75,0,5,,,,
989,777:0409:45_75_0_10,train,777.xlsx,circular_hole,circular_hole,4,45,75,0,10,,,,
990,777:0410:45_80_0_5,train,777.xlsx,circular_hole,circular_hole,4,45,80,0,5,,,,
991,777:0411:45_80_0_10,train,777.xlsx,circular_hole,circular_hole,4,45,80,0,10,,,,
992,777:0412:45_85_0_5,train,777.xlsx,circular_hole,circular_hole,4,45,85,0,5,,,,
993,777:0413:45_85_0_10,train,777.xlsx,circular_hole,circular_hole,4,45,85,0,10,,,,
994,777:0414:45_90_0_5,train,777.xlsx,circular_hole,circular_hole,4,45,90,0,5,,,,
995,777:0415:45_90_0_10,train,777.xlsx,circular_hole,circular_hole,4,45,90,0,10,,,,
996,777:0416:45_95_0_5,train,777.xlsx,circular_hole,circular_hole,4,45,95,0,5,,,,
997,777:0417:45_95_0_10,validation,777.xlsx,circular_hole,circular_hole,4,45,95,0,10,,,,
998,777:0418:45_100_0_5,train,777.xlsx,circular_hole,circular_hole,4,45,100,0,5,,,,
999,777:0419:45_100_0_10,train,777.xlsx,circular_hole,circular_hole,4,45,100,0,10,,,,
1000,777:0420:50_0_0_5,train,777.xlsx,circular_hole,circular_hole,4,50,0,0,5,,,,
1001,777:0421:50_0_0_10,validation,777.xlsx,circular_hole,circular_hole,4,50,0,0,10,,,,
1002,777:0422:50_5_0_5,train,777.xlsx,circular_hole,circular_hole,4,50,5,0,5,,,,
1003,777:0423:50_5_0_10,train,777.xlsx,circular_hole,circular_hole,4,50,5,0,10,,,,
1004,777:0424:50_10_0_5,train,777.xlsx,circular_hole,circular_hole,4,50,10,0,5,,,,
1005,777:0425:50_10_0_10,train,777.xlsx,circular_hole,circular_hole,4,50,10,0,10,,,,
1006,777:0426:50_15_0_5,train,777.xlsx,circular_hole,circular_hole,4,50,15,0,5,,,,
1007,777:0427:50_15_0_10,test,777.xlsx,circular_hole,circular_hole,4,50,15,0,10,,,,
1008,777:0428:50_20_0_5,train,777.xlsx,circular_hole,circular_hole,4,50,20,0,5,,,,
1009,777:0429:50_20_0_10,train,777.xlsx,circular_hole,circular_hole,4,50,20,0,10,,,,
1010,777:0430:50_25_0_5,train,777.xlsx,circular_hole,circular_hole,4,50,25,0,5,,,,
1011,777:0431:50_25_0_10,validation,777.xlsx,circular_hole,circular_hole,4,50,25,0,10,,,,
1012,777:0432:50_30_0_5,train,777.xlsx,circular_hole,circular_hole,4,50,30,0,5,,,,
1013,777:0433:50_30_0_10,train,777.xlsx,circular_hole,circular_hole,4,50,30,0,10,,,,
1014,777:0434:50_35_0_5,train,777.xlsx,circular_hole,circular_hole,4,50,35,0,5,,,,
1015,777:0435:50_35_0_10,train,777.xlsx,circular_hole,circular_hole,4,50,35,0,10,,,,
1016,777:0436:50_40_0_5,train,777.xlsx,circular_hole,circular_hole,4,50,40,0,5,,,,
1017,777:0437:50_40_0_10,train,777.xlsx,circular_hole,circular_hole,4,50,40,0,10,,,,
1018,777:0438:50_45_0_5,train,777.xlsx,circular_hole,circular_hole,4,50,45,0,5,,,,
1019,777:0439:50_45_0_10,validation,777.xlsx,circular_hole,circular_hole,4,50,45,0,10,,,,
1020,777:0440:50_50_0_5,train,777.xlsx,circular_hole,circular_hole,4,50,50,0,5,,,,
1021,777:0441:50_50_0_10,train,777.xlsx,circular_hole,circular_hole,4,50,50,0,10,,,,
1022,777:0442:50_55_0_5,train,777.xlsx,circular_hole,circular_hole,4,50,55,0,5,,,,
1023,777:0443:50_55_0_10,train,777.xlsx,circular_hole,circular_hole,4,50,55,0,10,,,,
1024,777:0444:50_60_0_5,train,777.xlsx,circular_hole,circular_hole,4,50,60,0,5,,,,
1025,777:0445:50_60_0_10,train,777.xlsx,circular_hole,circular_hole,4,50,60,0,10,,,,
1026,777:0446:50_65_0_5,train,777.xlsx,circular_hole,circular_hole,4,50,65,0,5,,,,
1027,777:0447:50_65_0_10,train,777.xlsx,circular_hole,circular_hole,4,50,65,0,10,,,,
1028,777:0448:50_70_0_5,validation,777.xlsx,circular_hole,circular_hole,4,50,70,0,5,,,,
1029,777:0449:50_70_0_10,train,777.xlsx,circular_hole,circular_hole,4,50,70,0,10,,,,
1030,777:0450:50_75_0_5,train,777.xlsx,circular_hole,circular_hole,4,50,75,0,5,,,,
1031,777:0451:50_75_0_10,train,777.xlsx,circular_hole,circular_hole,4,50,75,0,10,,,,
1032,777:0452:50_80_0_5,train,777.xlsx,circular_hole,circular_hole,4,50,80,0,5,,,,
1033,777:0453:50_80_0_10,train,777.xlsx,circular_hole,circular_hole,4,50,80,0,10,,,,
1034,777:0454:50_85_0_5,test,777.xlsx,circular_hole,circular_hole,4,50,85,0,5,,,,
1035,777:0455:50_85_0_10,test,777.xlsx,circular_hole,circular_hole,4,50,85,0,10,,,,
1036,777:0456:50_90_0_5,train,777.xlsx,circular_hole,circular_hole,4,50,90,0,5,,,,
1037,777:0457:50_90_0_10,train,777.xlsx,circular_hole,circular_hole,4,50,90,0,10,,,,
1038,777:0458:50_95_0_5,train,777.xlsx,circular_hole,circular_hole,4,50,95,0,5,,,,
1039,777:0459:50_95_0_10,test,777.xlsx,circular_hole,circular_hole,4,50,95,0,10,,,,
1040,777:0460:50_100_0_5,train,777.xlsx,circular_hole,circular_hole,4,50,100,0,5,,,,
1041,777:0461:50_100_0_10,test,777.xlsx,circular_hole,circular_hole,4,50,100,0,10,,,,
1042,777:0462:55_0_0_5,train,777.xlsx,circular_hole,circular_hole,4,55,0,0,5,,,,
1043,777:0463:55_0_0_10,train,777.xlsx,circular_hole,circular_hole,4,55,0,0,10,,,,
1044,777:0464:55_5_0_5,validation,777.xlsx,circular_hole,circular_hole,4,55,5,0,5,,,,
1045,777:0465:55_5_0_10,train,777.xlsx,circular_hole,circular_hole,4,55,5,0,10,,,,
1046,777:0466:55_10_0_5,test,777.xlsx,circular_hole,circular_hole,4,55,10,0,5,,,,
1047,777:0467:55_10_0_10,train,777.xlsx,circular_hole,circular_hole,4,55,10,0,10,,,,
1048,777:0468:55_15_0_5,train,777.xlsx,circular_hole,circular_hole,4,55,15,0,5,,,,
1049,777:0469:55_15_0_10,validation,777.xlsx,circular_hole,circular_hole,4,55,15,0,10,,,,
1050,777:0470:55_20_0_5,train,777.xlsx,circular_hole,circular_hole,4,55,20,0,5,,,,
1051,777:0471:55_20_0_10,train,777.xlsx,circular_hole,circular_hole,4,55,20,0,10,,,,
1052,777:0472:55_25_0_5,train,777.xlsx,circular_hole,circular_hole,4,55,25,0,5,,,,
1053,777:0473:55_25_0_10,train,777.xlsx,circular_hole,circular_hole,4,55,25,0,10,,,,
1054,777:0474:55_30_0_5,test,777.xlsx,circular_hole,circular_hole,4,55,30,0,5,,,,
1055,777:0475:55_30_0_10,train,777.xlsx,circular_hole,circular_hole,4,55,30,0,10,,,,
1056,777:0476:55_35_0_5,test,777.xlsx,circular_hole,circular_hole,4,55,35,0,5,,,,
1057,777:0477:55_35_0_10,train,777.xlsx,circular_hole,circular_hole,4,55,35,0,10,,,,
1058,777:0478:55_40_0_5,train,777.xlsx,circular_hole,circular_hole,4,55,40,0,5,,,,
1059,777:0479:55_40_0_10,train,777.xlsx,circular_hole,circular_hole,4,55,40,0,10,,,,
1060,777:0480:55_45_0_5,train,777.xlsx,circular_hole,circular_hole,4,55,45,0,5,,,,
1061,777:0481:55_45_0_10,train,777.xlsx,circular_hole,circular_hole,4,55,45,0,10,,,,
1062,777:0482:55_50_0_5,validation,777.xlsx,circular_hole,circular_hole,4,55,50,0,5,,,,
1063,777:0483:55_50_0_10,validation,777.xlsx,circular_hole,circular_hole,4,55,50,0,10,,,,
1064,777:0484:55_55_0_5,test,777.xlsx,circular_hole,circular_hole,4,55,55,0,5,,,,
1065,777:0485:55_55_0_10,validation,777.xlsx,circular_hole,circular_hole,4,55,55,0,10,,,,
1066,777:0486:55_60_0_5,train,777.xlsx,circular_hole,circular_hole,4,55,60,0,5,,,,
1067,777:0487:55_60_0_10,train,777.xlsx,circular_hole,circular_hole,4,55,60,0,10,,,,
1068,777:0488:55_65_0_5,train,777.xlsx,circular_hole,circular_hole,4,55,65,0,5,,,,
1069,777:0489:55_65_0_10,train,777.xlsx,circular_hole,circular_hole,4,55,65,0,10,,,,
1070,777:0490:55_70_0_5,train,777.xlsx,circular_hole,circular_hole,4,55,70,0,5,,,,
1071,777:0491:55_70_0_10,train,777.xlsx,circular_hole,circular_hole,4,55,70,0,10,,,,
1072,777:0492:55_75_0_5,test,777.xlsx,circular_hole,circular_hole,4,55,75,0,5,,,,
1073,777:0493:55_75_0_10,train,777.xlsx,circular_hole,circular_hole,4,55,75,0,10,,,,
1074,777:0494:55_80_0_5,train,777.xlsx,circular_hole,circular_hole,4,55,80,0,5,,,,
1075,777:0495:55_80_0_10,train,777.xlsx,circular_hole,circular_hole,4,55,80,0,10,,,,
1076,777:0496:55_85_0_5,train,777.xlsx,circular_hole,circular_hole,4,55,85,0,5,,,,
1077,777:0497:55_85_0_10,train,777.xlsx,circular_hole,circular_hole,4,55,85,0,10,,,,
1078,777:0498:55_90_0_5,train,777.xlsx,circular_hole,circular_hole,4,55,90,0,5,,,,
1079,777:0499:55_90_0_10,train,777.xlsx,circular_hole,circular_hole,4,55,90,0,10,,,,
1080,777:0500:55_95_0_5,train,777.xlsx,circular_hole,circular_hole,4,55,95,0,5,,,,
1081,777:0501:55_95_0_10,train,777.xlsx,circular_hole,circular_hole,4,55,95,0,10,,,,
1082,777:0502:55_100_0_5,train,777.xlsx,circular_hole,circular_hole,4,55,100,0,5,,,,
1083,777:0503:55_100_0_10,train,777.xlsx,circular_hole,circular_hole,4,55,100,0,10,,,,
1084,777:0504:60_0_0_5,test,777.xlsx,circular_hole,circular_hole,4,60,0,0,5,,,,
1085,777:0505:60_0_0_10,train,777.xlsx,circular_hole,circular_hole,4,60,0,0,10,,,,
1086,777:0506:60_5_0_5,train,777.xlsx,circular_hole,circular_hole,4,60,5,0,5,,,,
1087,777:0507:60_5_0_10,train,777.xlsx,circular_hole,circular_hole,4,60,5,0,10,,,,
1088,777:0508:60_10_0_5,test,777.xlsx,circular_hole,circular_hole,4,60,10,0,5,,,,
1089,777:0509:60_10_0_10,validation,777.xlsx,circular_hole,circular_hole,4,60,10,0,10,,,,
1090,777:0510:60_15_0_5,test,777.xlsx,circular_hole,circular_hole,4,60,15,0,5,,,,
1091,777:0511:60_15_0_10,validation,777.xlsx,circular_hole,circular_hole,4,60,15,0,10,,,,
1092,777:0512:60_20_0_5,train,777.xlsx,circular_hole,circular_hole,4,60,20,0,5,,,,
1093,777:0513:60_20_0_10,train,777.xlsx,circular_hole,circular_hole,4,60,20,0,10,,,,
1094,777:0514:60_25_0_5,train,777.xlsx,circular_hole,circular_hole,4,60,25,0,5,,,,
1095,777:0515:60_25_0_10,train,777.xlsx,circular_hole,circular_hole,4,60,25,0,10,,,,
1096,777:0516:60_30_0_5,train,777.xlsx,circular_hole,circular_hole,4,60,30,0,5,,,,
1097,777:0517:60_30_0_10,train,777.xlsx,circular_hole,circular_hole,4,60,30,0,10,,,,
1098,777:0518:60_35_0_5,train,777.xlsx,circular_hole,circular_hole,4,60,35,0,5,,,,
1099,777:0519:60_35_0_10,train,777.xlsx,circular_hole,circular_hole,4,60,35,0,10,,,,
1100,777:0520:60_40_0_5,train,777.xlsx,circular_hole,circular_hole,4,60,40,0,5,,,,
1101,777:0521:60_40_0_10,train,777.xlsx,circular_hole,circular_hole,4,60,40,0,10,,,,
1102,777:0522:60_45_0_5,train,777.xlsx,circular_hole,circular_hole,4,60,45,0,5,,,,
1103,777:0523:60_45_0_10,train,777.xlsx,circular_hole,circular_hole,4,60,45,0,10,,,,
1104,777:0524:60_50_0_5,train,777.xlsx,circular_hole,circular_hole,4,60,50,0,5,,,,
1105,777:0525:60_50_0_10,train,777.xlsx,circular_hole,circular_hole,4,60,50,0,10,,,,
1106,777:0526:60_55_0_5,train,777.xlsx,circular_hole,circular_hole,4,60,55,0,5,,,,
1107,777:0527:60_55_0_10,train,777.xlsx,circular_hole,circular_hole,4,60,55,0,10,,,,
1108,777:0528:60_60_0_5,validation,777.xlsx,circular_hole,circular_hole,4,60,60,0,5,,,,
1109,777:0529:60_60_0_10,train,777.xlsx,circular_hole,circular_hole,4,60,60,0,10,,,,
1110,777:0530:60_65_0_5,train,777.xlsx,circular_hole,circular_hole,4,60,65,0,5,,,,
1111,777:0531:60_65_0_10,train,777.xlsx,circular_hole,circular_hole,4,60,65,0,10,,,,
1112,777:0532:60_70_0_5,train,777.xlsx,circular_hole,circular_hole,4,60,70,0,5,,,,
1113,777:0533:60_70_0_10,train,777.xlsx,circular_hole,circular_hole,4,60,70,0,10,,,,
1114,777:0534:60_75_0_5,train,777.xlsx,circular_hole,circular_hole,4,60,75,0,5,,,,
1115,777:0535:60_75_0_10,train,777.xlsx,circular_hole,circular_hole,4,60,75,0,10,,,,
1116,777:0536:60_80_0_5,train,777.xlsx,circular_hole,circular_hole,4,60,80,0,5,,,,
1117,777:0537:60_80_0_10,train,777.xlsx,circular_hole,circular_hole,4,60,80,0,10,,,,
1118,777:0538:60_85_0_5,train,777.xlsx,circular_hole,circular_hole,4,60,85,0,5,,,,
1119,777:0539:60_85_0_10,train,777.xlsx,circular_hole,circular_hole,4,60,85,0,10,,,,
1120,777:0540:60_90_0_5,train,777.xlsx,circular_hole,circular_hole,4,60,90,0,5,,,,
1121,777:0541:60_90_0_10,validation,777.xlsx,circular_hole,circular_hole,4,60,90,0,10,,,,
1122,777:0542:60_95_0_5,validation,777.xlsx,circular_hole,circular_hole,4,60,95,0,5,,,,
1123,777:0543:60_95_0_10,train,777.xlsx,circular_hole,circular_hole,4,60,95,0,10,,,,
1124,777:0544:60_100_0_5,train,777.xlsx,circular_hole,circular_hole,4,60,100,0,5,,,,
1125,777:0545:60_100_0_10,train,777.xlsx,circular_hole,circular_hole,4,60,100,0,10,,,,
1126,777:0546:65_0_0_5,train,777.xlsx,circular_hole,circular_hole,4,65,0,0,5,,,,
1127,777:0547:65_0_0_10,train,777.xlsx,circular_hole,circular_hole,4,65,0,0,10,,,,
1128,777:0548:65_5_0_5,train,777.xlsx,circular_hole,circular_hole,4,65,5,0,5,,,,
1129,777:0549:65_5_0_10,train,777.xlsx,circular_hole,circular_hole,4,65,5,0,10,,,,
1130,777:0550:65_10_0_5,train,777.xlsx,circular_hole,circular_hole,4,65,10,0,5,,,,
1131,777:0551:65_10_0_10,train,777.xlsx,circular_hole,circular_hole,4,65,10,0,10,,,,
1132,777:0552:65_15_0_5,train,777.xlsx,circular_hole,circular_hole,4,65,15,0,5,,,,
1133,777:0553:65_15_0_10,validation,777.xlsx,circular_hole,circular_hole,4,65,15,0,10,,,,
1134,777:0554:65_20_0_5,train,777.xlsx,circular_hole,circular_hole,4,65,20,0,5,,,,
1135,777:0555:65_20_0_10,test,777.xlsx,circular_hole,circular_hole,4,65,20,0,10,,,,
1136,777:0556:65_25_0_5,train,777.xlsx,circular_hole,circular_hole,4,65,25,0,5,,,,
1137,777:0557:65_25_0_10,train,777.xlsx,circular_hole,circular_hole,4,65,25,0,10,,,,
1138,777:0558:65_30_0_5,train,777.xlsx,circular_hole,circular_hole,4,65,30,0,5,,,,
1139,777:0559:65_30_0_10,train,777.xlsx,circular_hole,circular_hole,4,65,30,0,10,,,,
1140,777:0560:65_35_0_5,train,777.xlsx,circular_hole,circular_hole,4,65,35,0,5,,,,
1141,777:0561:65_35_0_10,test,777.xlsx,circular_hole,circular_hole,4,65,35,0,10,,,,
1142,777:0562:65_40_0_5,test,777.xlsx,circular_hole,circular_hole,4,65,40,0,5,,,,
1143,777:0563:65_40_0_10,train,777.xlsx,circular_hole,circular_hole,4,65,40,0,10,,,,
1144,777:0564:65_45_0_5,test,777.xlsx,circular_hole,circular_hole,4,65,45,0,5,,,,
1145,777:0565:65_45_0_10,test,777.xlsx,circular_hole,circular_hole,4,65,45,0,10,,,,
1146,777:0566:65_50_0_5,test,777.xlsx,circular_hole,circular_hole,4,65,50,0,5,,,,
1147,777:0567:65_50_0_10,train,777.xlsx,circular_hole,circular_hole,4,65,50,0,10,,,,
1148,777:0568:65_55_0_5,train,777.xlsx,circular_hole,circular_hole,4,65,55,0,5,,,,
1149,777:0569:65_55_0_10,train,777.xlsx,circular_hole,circular_hole,4,65,55,0,10,,,,
1150,777:0570:65_60_0_5,train,777.xlsx,circular_hole,circular_hole,4,65,60,0,5,,,,
1151,777:0571:65_60_0_10,validation,777.xlsx,circular_hole,circular_hole,4,65,60,0,10,,,,
1152,777:0572:65_65_0_5,validation,777.xlsx,circular_hole,circular_hole,4,65,65,0,5,,,,
1153,777:0573:65_65_0_10,train,777.xlsx,circular_hole,circular_hole,4,65,65,0,10,,,,
1154,777:0574:65_70_0_5,train,777.xlsx,circular_hole,circular_hole,4,65,70,0,5,,,,
1155,777:0575:65_70_0_10,train,777.xlsx,circular_hole,circular_hole,4,65,70,0,10,,,,
1156,777:0576:65_75_0_5,validation,777.xlsx,circular_hole,circular_hole,4,65,75,0,5,,,,
1157,777:0577:65_75_0_10,train,777.xlsx,circular_hole,circular_hole,4,65,75,0,10,,,,
1158,777:0578:65_80_0_5,train,777.xlsx,circular_hole,circular_hole,4,65,80,0,5,,,,
1159,777:0579:65_80_0_10,train,777.xlsx,circular_hole,circular_hole,4,65,80,0,10,,,,
1160,777:0580:65_85_0_5,train,777.xlsx,circular_hole,circular_hole,4,65,85,0,5,,,,
1161,777:0581:65_85_0_10,train,777.xlsx,circular_hole,circular_hole,4,65,85,0,10,,,,
1162,777:0582:65_90_0_5,train,777.xlsx,circular_hole,circular_hole,4,65,90,0,5,,,,
1163,777:0583:65_90_0_10,train,777.xlsx,circular_hole,circular_hole,4,65,90,0,10,,,,
1164,777:0584:65_95_0_5,train,777.xlsx,circular_hole,circular_hole,4,65,95,0,5,,,,
1165,777:0585:65_95_0_10,train,777.xlsx,circular_hole,circular_hole,4,65,95,0,10,,,,
1166,777:0586:65_100_0_5,train,777.xlsx,circular_hole,circular_hole,4,65,100,0,5,,,,
1167,777:0587:65_100_0_10,train,777.xlsx,circular_hole,circular_hole,4,65,100,0,10,,,,
1168,777:0588:70_0_0_5,train,777.xlsx,circular_hole,circular_hole,4,70,0,0,5,,,,
1169,777:0589:70_0_0_10,train,777.xlsx,circular_hole,circular_hole,4,70,0,0,10,,,,
1170,777:0590:70_5_0_5,train,777.xlsx,circular_hole,circular_hole,4,70,5,0,5,,,,
1171,777:0591:70_5_0_10,train,777.xlsx,circular_hole,circular_hole,4,70,5,0,10,,,,
1172,777:0592:70_10_0_5,train,777.xlsx,circular_hole,circular_hole,4,70,10,0,5,,,,
1173,777:0593:70_10_0_10,train,777.xlsx,circular_hole,circular_hole,4,70,10,0,10,,,,
1174,777:0594:70_15_0_5,train,777.xlsx,circular_hole,circular_hole,4,70,15,0,5,,,,
1175,777:0595:70_15_0_10,train,777.xlsx,circular_hole,circular_hole,4,70,15,0,10,,,,
1176,777:0596:70_20_0_5,train,777.xlsx,circular_hole,circular_hole,4,70,20,0,5,,,,
1177,777:0597:70_20_0_10,train,777.xlsx,circular_hole,circular_hole,4,70,20,0,10,,,,
1178,777:0598:70_25_0_5,train,777.xlsx,circular_hole,circular_hole,4,70,25,0,5,,,,
1179,777:0599:70_25_0_10,train,777.xlsx,circular_hole,circular_hole,4,70,25,0,10,,,,
1180,777:0600:70_30_0_5,test,777.xlsx,circular_hole,circular_hole,4,70,30,0,5,,,,
1181,777:0601:70_30_0_10,validation,777.xlsx,circular_hole,circular_hole,4,70,30,0,10,,,,
1182,777:0602:70_35_0_5,validation,777.xlsx,circular_hole,circular_hole,4,70,35,0,5,,,,
1183,777:0603:70_35_0_10,train,777.xlsx,circular_hole,circular_hole,4,70,35,0,10,,,,
1184,777:0604:70_40_0_5,train,777.xlsx,circular_hole,circular_hole,4,70,40,0,5,,,,
1185,777:0605:70_40_0_10,train,777.xlsx,circular_hole,circular_hole,4,70,40,0,10,,,,
1186,777:0606:70_45_0_5,train,777.xlsx,circular_hole,circular_hole,4,70,45,0,5,,,,
1187,777:0607:70_45_0_10,train,777.xlsx,circular_hole,circular_hole,4,70,45,0,10,,,,
1188,777:0608:70_50_0_5,train,777.xlsx,circular_hole,circular_hole,4,70,50,0,5,,,,
1189,777:0609:70_50_0_10,validation,777.xlsx,circular_hole,circular_hole,4,70,50,0,10,,,,
1190,777:0610:70_55_0_5,train,777.xlsx,circular_hole,circular_hole,4,70,55,0,5,,,,
1191,777:0611:70_55_0_10,validation,777.xlsx,circular_hole,circular_hole,4,70,55,0,10,,,,
1192,777:0612:70_60_0_5,train,777.xlsx,circular_hole,circular_hole,4,70,60,0,5,,,,
1193,777:0613:70_60_0_10,validation,777.xlsx,circular_hole,circular_hole,4,70,60,0,10,,,,
1194,777:0614:70_65_0_5,train,777.xlsx,circular_hole,circular_hole,4,70,65,0,5,,,,
1195,777:0615:70_65_0_10,validation,777.xlsx,circular_hole,circular_hole,4,70,65,0,10,,,,
1196,777:0616:70_70_0_5,validation,777.xlsx,circular_hole,circular_hole,4,70,70,0,5,,,,
1197,777:0617:70_70_0_10,train,777.xlsx,circular_hole,circular_hole,4,70,70,0,10,,,,
1198,777:0618:70_75_0_5,train,777.xlsx,circular_hole,circular_hole,4,70,75,0,5,,,,
1199,777:0619:70_75_0_10,train,777.xlsx,circular_hole,circular_hole,4,70,75,0,10,,,,
1200,777:0620:70_80_0_5,train,777.xlsx,circular_hole,circular_hole,4,70,80,0,5,,,,
1201,777:0621:70_80_0_10,train,777.xlsx,circular_hole,circular_hole,4,70,80,0,10,,,,
1202,777:0622:70_85_0_5,train,777.xlsx,circular_hole,circular_hole,4,70,85,0,5,,,,
1203,777:0623:70_85_0_10,validation,777.xlsx,circular_hole,circular_hole,4,70,85,0,10,,,,
1204,777:0624:70_90_0_5,train,777.xlsx,circular_hole,circular_hole,4,70,90,0,5,,,,
1205,777:0625:70_90_0_10,train,777.xlsx,circular_hole,circular_hole,4,70,90,0,10,,,,
1206,777:0626:70_95_0_5,train,777.xlsx,circular_hole,circular_hole,4,70,95,0,5,,,,
1207,777:0627:70_95_0_10,train,777.xlsx,circular_hole,circular_hole,4,70,95,0,10,,,,
1208,777:0628:70_100_0_5,train,777.xlsx,circular_hole,circular_hole,4,70,100,0,5,,,,
1209,777:0629:70_100_0_10,train,777.xlsx,circular_hole,circular_hole,4,70,100,0,10,,,,
1210,777:0630:75_0_0_5,train,777.xlsx,circular_hole,circular_hole,4,75,0,0,5,,,,
1211,777:0631:75_0_0_10,train,777.xlsx,circular_hole,circular_hole,4,75,0,0,10,,,,
1212,777:0632:75_5_0_5,train,777.xlsx,circular_hole,circular_hole,4,75,5,0,5,,,,
1213,777:0633:75_5_0_10,train,777.xlsx,circular_hole,circular_hole,4,75,5,0,10,,,,
1214,777:0634:75_10_0_5,train,777.xlsx,circular_hole,circular_hole,4,75,10,0,5,,,,
1215,777:0635:75_10_0_10,train,777.xlsx,circular_hole,circular_hole,4,75,10,0,10,,,,
1216,777:0636:75_15_0_5,train,777.xlsx,circular_hole,circular_hole,4,75,15,0,5,,,,
1217,777:0637:75_15_0_10,train,777.xlsx,circular_hole,circular_hole,4,75,15,0,10,,,,
1218,777:0638:75_20_0_5,train,777.xlsx,circular_hole,circular_hole,4,75,20,0,5,,,,
1219,777:0639:75_20_0_10,train,777.xlsx,circular_hole,circular_hole,4,75,20,0,10,,,,
1220,777:0640:75_25_0_5,train,777.xlsx,circular_hole,circular_hole,4,75,25,0,5,,,,
1221,777:0641:75_25_0_10,train,777.xlsx,circular_hole,circular_hole,4,75,25,0,10,,,,
1222,777:0642:75_30_0_5,train,777.xlsx,circular_hole,circular_hole,4,75,30,0,5,,,,
1223,777:0643:75_30_0_10,validation,777.xlsx,circular_hole,circular_hole,4,75,30,0,10,,,,
1224,777:0644:75_35_0_5,train,777.xlsx,circular_hole,circular_hole,4,75,35,0,5,,,,
1225,777:0645:75_35_0_10,validation,777.xlsx,circular_hole,circular_hole,4,75,35,0,10,,,,
1226,777:0646:75_40_0_5,test,777.xlsx,circular_hole,circular_hole,4,75,40,0,5,,,,
1227,777:0647:75_40_0_10,train,777.xlsx,circular_hole,circular_hole,4,75,40,0,10,,,,
1228,777:0648:75_45_0_5,train,777.xlsx,circular_hole,circular_hole,4,75,45,0,5,,,,
1229,777:0649:75_45_0_10,train,777.xlsx,circular_hole,circular_hole,4,75,45,0,10,,,,
1230,777:0650:75_50_0_5,train,777.xlsx,circular_hole,circular_hole,4,75,50,0,5,,,,
1231,777:0651:75_50_0_10,train,777.xlsx,circular_hole,circular_hole,4,75,50,0,10,,,,
1232,777:0652:75_55_0_5,train,777.xlsx,circular_hole,circular_hole,4,75,55,0,5,,,,
1233,777:0653:75_55_0_10,validation,777.xlsx,circular_hole,circular_hole,4,75,55,0,10,,,,
1234,777:0654:75_60_0_5,validation,777.xlsx,circular_hole,circular_hole,4,75,60,0,5,,,,
1235,777:0655:75_60_0_10,train,777.xlsx,circular_hole,circular_hole,4,75,60,0,10,,,,
1236,777:0656:75_65_0_5,train,777.xlsx,circular_hole,circular_hole,4,75,65,0,5,,,,
1237,777:0657:75_65_0_10,validation,777.xlsx,circular_hole,circular_hole,4,75,65,0,10,,,,
1238,777:0658:75_70_0_5,train,777.xlsx,circular_hole,circular_hole,4,75,70,0,5,,,,
1239,777:0659:75_70_0_10,train,777.xlsx,circular_hole,circular_hole,4,75,70,0,10,,,,
1240,777:0660:75_75_0_5,train,777.xlsx,circular_hole,circular_hole,4,75,75,0,5,,,,
1241,777:0661:75_75_0_10,train,777.xlsx,circular_hole,circular_hole,4,75,75,0,10,,,,
1242,777:0662:75_80_0_5,train,777.xlsx,circular_hole,circular_hole,4,75,80,0,5,,,,
1243,777:0663:75_80_0_10,train,777.xlsx,circular_hole,circular_hole,4,75,80,0,10,,,,
1244,777:0664:75_85_0_5,validation,777.xlsx,circular_hole,circular_hole,4,75,85,0,5,,,,
1245,777:0665:75_85_0_10,train,777.xlsx,circular_hole,circular_hole,4,75,85,0,10,,,,
1246,777:0666:75_90_0_5,train,777.xlsx,circular_hole,circular_hole,4,75,90,0,5,,,,
1247,777:0667:75_90_0_10,train,777.xlsx,circular_hole,circular_hole,4,75,90,0,10,,,,
1248,777:0668:75_95_0_5,train,777.xlsx,circular_hole,circular_hole,4,75,95,0,5,,,,
1249,777:0669:75_95_0_10,train,777.xlsx,circular_hole,circular_hole,4,75,95,0,10,,,,
1250,777:0670:75_100_0_5,train,777.xlsx,circular_hole,circular_hole,4,75,100,0,5,,,,
1251,777:0671:75_100_0_10,train,777.xlsx,circular_hole,circular_hole,4,75,100,0,10,,,,
1252,777:0672:80_0_0_5,train,777.xlsx,circular_hole,circular_hole,4,80,0,0,5,,,,
1253,777:0673:80_0_0_10,train,777.xlsx,circular_hole,circular_hole,4,80,0,0,10,,,,
1254,777:0674:80_5_0_5,train,777.xlsx,circular_hole,circular_hole,4,80,5,0,5,,,,
1255,777:0675:80_5_0_10,train,777.xlsx,circular_hole,circular_hole,4,80,5,0,10,,,,
1256,777:0676:80_10_0_5,train,777.xlsx,circular_hole,circular_hole,4,80,10,0,5,,,,
1257,777:0677:80_10_0_10,train,777.xlsx,circular_hole,circular_hole,4,80,10,0,10,,,,
1258,777:0678:80_15_0_5,train,777.xlsx,circular_hole,circular_hole,4,80,15,0,5,,,,
1259,777:0679:80_15_0_10,train,777.xlsx,circular_hole,circular_hole,4,80,15,0,10,,,,
1260,777:0680:80_20_0_5,train,777.xlsx,circular_hole,circular_hole,4,80,20,0,5,,,,
1261,777:0681:80_20_0_10,train,777.xlsx,circular_hole,circular_hole,4,80,20,0,10,,,,
1262,777:0682:80_25_0_5,validation,777.xlsx,circular_hole,circular_hole,4,80,25,0,5,,,,
1263,777:0683:80_25_0_10,train,777.xlsx,circular_hole,circular_hole,4,80,25,0,10,,,,
1264,777:0684:80_30_0_5,train,777.xlsx,circular_hole,circular_hole,4,80,30,0,5,,,,
1265,777:0685:80_30_0_10,train,777.xlsx,circular_hole,circular_hole,4,80,30,0,10,,,,
1266,777:0686:80_35_0_5,test,777.xlsx,circular_hole,circular_hole,4,80,35,0,5,,,,
1267,777:0687:80_35_0_10,train,777.xlsx,circular_hole,circular_hole,4,80,35,0,10,,,,
1268,777:0688:80_40_0_5,train,777.xlsx,circular_hole,circular_hole,4,80,40,0,5,,,,
1269,777:0689:80_40_0_10,train,777.xlsx,circular_hole,circular_hole,4,80,40,0,10,,,,
1270,777:0690:80_45_0_5,train,777.xlsx,circular_hole,circular_hole,4,80,45,0,5,,,,
1271,777:0691:80_45_0_10,train,777.xlsx,circular_hole,circular_hole,4,80,45,0,10,,,,
1272,777:0692:80_50_0_5,validation,777.xlsx,circular_hole,circular_hole,4,80,50,0,5,,,,
1273,777:0693:80_50_0_10,train,777.xlsx,circular_hole,circular_hole,4,80,50,0,10,,,,
1274,777:0694:80_55_0_5,train,777.xlsx,circular_hole,circular_hole,4,80,55,0,5,,,,
1275,777:0695:80_55_0_10,train,777.xlsx,circular_hole,circular_hole,4,80,55,0,10,,,,
1276,777:0696:80_60_0_5,train,777.xlsx,circular_hole,circular_hole,4,80,60,0,5,,,,
1277,777:0697:80_60_0_10,train,777.xlsx,circular_hole,circular_hole,4,80,60,0,10,,,,
1278,777:0698:80_65_0_5,train,777.xlsx,circular_hole,circular_hole,4,80,65,0,5,,,,
1279,777:0699:80_65_0_10,test,777.xlsx,circular_hole,circular_hole,4,80,65,0,10,,,,
1280,777:0700:80_70_0_5,train,777.xlsx,circular_hole,circular_hole,4,80,70,0,5,,,,
1281,777:0701:80_70_0_10,test,777.xlsx,circular_hole,circular_hole,4,80,70,0,10,,,,
1282,777:0702:80_75_0_5,test,777.xlsx,circular_hole,circular_hole,4,80,75,0,5,,,,
1283,777:0703:80_75_0_10,train,777.xlsx,circular_hole,circular_hole,4,80,75,0,10,,,,
1284,777:0704:80_80_0_5,train,777.xlsx,circular_hole,circular_hole,4,80,80,0,5,,,,
1285,777:0705:80_80_0_10,train,777.xlsx,circular_hole,circular_hole,4,80,80,0,10,,,,
1286,777:0706:80_85_0_5,train,777.xlsx,circular_hole,circular_hole,4,80,85,0,5,,,,
1287,777:0707:80_85_0_10,train,777.xlsx,circular_hole,circular_hole,4,80,85,0,10,,,,
1288,777:0708:80_90_0_5,validation,777.xlsx,circular_hole,circular_hole,4,80,90,0,5,,,,
1289,777:0709:80_90_0_10,train,777.xlsx,circular_hole,circular_hole,4,80,90,0,10,,,,
1290,777:0710:80_95_0_5,train,777.xlsx,circular_hole,circular_hole,4,80,95,0,5,,,,
1291,777:0711:80_95_0_10,train,777.xlsx,circular_hole,circular_hole,4,80,95,0,10,,,,
1292,777:0712:80_100_0_5,train,777.xlsx,circular_hole,circular_hole,4,80,100,0,5,,,,
1293,777:0713:80_100_0_10,train,777.xlsx,circular_hole,circular_hole,4,80,100,0,10,,,,
1294,777:0714:85_0_0_5,train,777.xlsx,circular_hole,circular_hole,4,85,0,0,5,,,,
1295,777:0715:85_0_0_10,train,777.xlsx,circular_hole,circular_hole,4,85,0,0,10,,,,
1296,777:0716:85_5_0_5,train,777.xlsx,circular_hole,circular_hole,4,85,5,0,5,,,,
1297,777:0717:85_5_0_10,train,777.xlsx,circular_hole,circular_hole,4,85,5,0,10,,,,
1298,777:0718:85_10_0_5,train,777.xlsx,circular_hole,circular_hole,4,85,10,0,5,,,,
1299,777:0719:85_10_0_10,test,777.xlsx,circular_hole,circular_hole,4,85,10,0,10,,,,
1300,777:0720:85_15_0_5,train,777.xlsx,circular_hole,circular_hole,4,85,15,0,5,,,,
1301,777:0721:85_15_0_10,train,777.xlsx,circular_hole,circular_hole,4,85,15,0,10,,,,
1302,777:0722:85_20_0_5,train,777.xlsx,circular_hole,circular_hole,4,85,20,0,5,,,,
1303,777:0723:85_20_0_10,validation,777.xlsx,circular_hole,circular_hole,4,85,20,0,10,,,,
1304,777:0724:85_25_0_5,test,777.xlsx,circular_hole,circular_hole,4,85,25,0,5,,,,
1305,777:0725:85_25_0_10,train,777.xlsx,circular_hole,circular_hole,4,85,25,0,10,,,,
1306,777:0726:85_30_0_5,test,777.xlsx,circular_hole,circular_hole,4,85,30,0,5,,,,
1307,777:0727:85_30_0_10,train,777.xlsx,circular_hole,circular_hole,4,85,30,0,10,,,,
1308,777:0728:85_35_0_5,validation,777.xlsx,circular_hole,circular_hole,4,85,35,0,5,,,,
1309,777:0729:85_35_0_10,test,777.xlsx,circular_hole,circular_hole,4,85,35,0,10,,,,
1310,777:0730:85_40_0_5,train,777.xlsx,circular_hole,circular_hole,4,85,40,0,5,,,,
1311,777:0731:85_40_0_10,train,777.xlsx,circular_hole,circular_hole,4,85,40,0,10,,,,
1312,777:0732:85_45_0_5,validation,777.xlsx,circular_hole,circular_hole,4,85,45,0,5,,,,
1313,777:0733:85_45_0_10,train,777.xlsx,circular_hole,circular_hole,4,85,45,0,10,,,,
1314,777:0734:85_50_0_5,train,777.xlsx,circular_hole,circular_hole,4,85,50,0,5,,,,
1315,777:0735:85_50_0_10,train,777.xlsx,circular_hole,circular_hole,4,85,50,0,10,,,,
1316,777:0736:85_55_0_5,train,777.xlsx,circular_hole,circular_hole,4,85,55,0,5,,,,
1317,777:0737:85_55_0_10,validation,777.xlsx,circular_hole,circular_hole,4,85,55,0,10,,,,
1318,777:0738:85_60_0_5,train,777.xlsx,circular_hole,circular_hole,4,85,60,0,5,,,,
1319,777:0739:85_60_0_10,train,777.xlsx,circular_hole,circular_hole,4,85,60,0,10,,,,
1320,777:0740:85_65_0_5,train,777.xlsx,circular_hole,circular_hole,4,85,65,0,5,,,,
1321,777:0741:85_65_0_10,train,777.xlsx,circular_hole,circular_hole,4,85,65,0,10,,,,
1322,777:0742:85_70_0_5,train,777.xlsx,circular_hole,circular_hole,4,85,70,0,5,,,,
1323,777:0743:85_70_0_10,validation,777.xlsx,circular_hole,circular_hole,4,85,70,0,10,,,,
1324,777:0744:85_75_0_5,train,777.xlsx,circular_hole,circular_hole,4,85,75,0,5,,,,
1325,777:0745:85_75_0_10,train,777.xlsx,circular_hole,circular_hole,4,85,75,0,10,,,,
1326,777:0746:85_80_0_5,train,777.xlsx,circular_hole,circular_hole,4,85,80,0,5,,,,
1327,777:0747:85_80_0_10,test,777.xlsx,circular_hole,circular_hole,4,85,80,0,10,,,,
1328,777:0748:85_85_0_5,test,777.xlsx,circular_hole,circular_hole,4,85,85,0,5,,,,
1329,777:0749:85_85_0_10,train,777.xlsx,circular_hole,circular_hole,4,85,85,0,10,,,,
1330,777:0750:85_90_0_5,train,777.xlsx,circular_hole,circular_hole,4,85,90,0,5,,,,
1331,777:0751:85_90_0_10,train,777.xlsx,circular_hole,circular_hole,4,85,90,0,10,,,,
1332,777:0752:85_95_0_5,train,777.xlsx,circular_hole,circular_hole,4,85,95,0,5,,,,
1333,777:0753:85_95_0_10,train,777.xlsx,circular_hole,circular_hole,4,85,95,0,10,,,,
1334,777:0754:85_100_0_5,train,777.xlsx,circular_hole,circular_hole,4,85,100,0,5,,,,
1335,777:0755:85_100_0_10,train,777.xlsx,circular_hole,circular_hole,4,85,100,0,10,,,,
1336,777:0756:90_0_0_5,validation,777.xlsx,circular_hole,circular_hole,4,90,0,0,5,,,,
1337,777:0757:90_0_0_10,train,777.xlsx,circular_hole,circular_hole,4,90,0,0,10,,,,
1338,777:0758:90_5_0_5,train,777.xlsx,circular_hole,circular_hole,4,90,5,0,5,,,,
1339,777:0759:90_5_0_10,validation,777.xlsx,circular_hole,circular_hole,4,90,5,0,10,,,,
1340,777:0760:90_10_0_5,train,777.xlsx,circular_hole,circular_hole,4,90,10,0,5,,,,
1341,777:0761:90_10_0_10,train,777.xlsx,circular_hole,circular_hole,4,90,10,0,10,,,,
1342,777:0762:90_15_0_5,train,777.xlsx,circular_hole,circular_hole,4,90,15,0,5,,,,
1343,777:0763:90_15_0_10,test,777.xlsx,circular_hole,circular_hole,4,90,15,0,10,,,,
1344,777:0764:90_20_0_5,validation,777.xlsx,circular_hole,circular_hole,4,90,20,0,5,,,,
1345,777:0765:90_20_0_10,train,777.xlsx,circular_hole,circular_hole,4,90,20,0,10,,,,
1346,777:0766:90_25_0_5,train,777.xlsx,circular_hole,circular_hole,4,90,25,0,5,,,,
1347,777:0767:90_25_0_10,train,777.xlsx,circular_hole,circular_hole,4,90,25,0,10,,,,
1348,777:0768:90_30_0_5,train,777.xlsx,circular_hole,circular_hole,4,90,30,0,5,,,,
1349,777:0769:90_30_0_10,test,777.xlsx,circular_hole,circular_hole,4,90,30,0,10,,,,
1350,777:0770:90_35_0_5,train,777.xlsx,circular_hole,circular_hole,4,90,35,0,5,,,,
1351,777:0771:90_35_0_10,test,777.xlsx,circular_hole,circular_hole,4,90,35,0,10,,,,
1352,777:0772:90_40_0_5,train,777.xlsx,circular_hole,circular_hole,4,90,40,0,5,,,,
1353,777:0773:90_40_0_10,train,777.xlsx,circular_hole,circular_hole,4,90,40,0,10,,,,
1354,777:0774:90_45_0_5,train,777.xlsx,circular_hole,circular_hole,4,90,45,0,5,,,,
1355,777:0775:90_45_0_10,test,777.xlsx,circular_hole,circular_hole,4,90,45,0,10,,,,
1356,777:0776:90_50_0_5,test,777.xlsx,circular_hole,circular_hole,4,90,50,0,5,,,,
1357,777:0777:90_50_0_10,train,777.xlsx,circular_hole,circular_hole,4,90,50,0,10,,,,
1358,777:0778:90_55_0_5,train,777.xlsx,circular_hole,circular_hole,4,90,55,0,5,,,,
1359,777:0779:90_55_0_10,train,777.xlsx,circular_hole,circular_hole,4,90,55,0,10,,,,
1360,777:0780:90_60_0_5,validation,777.xlsx,circular_hole,circular_hole,4,90,60,0,5,,,,
1361,777:0781:90_60_0_10,train,777.xlsx,circular_hole,circular_hole,4,90,60,0,10,,,,
1362,777:0782:90_65_0_5,validation,777.xlsx,circular_hole,circular_hole,4,90,65,0,5,,,,
1363,777:0783:90_65_0_10,train,777.xlsx,circular_hole,circular_hole,4,90,65,0,10,,,,
1364,777:0784:90_70_0_5,train,777.xlsx,circular_hole,circular_hole,4,90,70,0,5,,,,
1365,777:0785:90_70_0_10,validation,777.xlsx,circular_hole,circular_hole,4,90,70,0,10,,,,
1366,777:0786:90_75_0_5,train,777.xlsx,circular_hole,circular_hole,4,90,75,0,5,,,,
1367,777:0787:90_75_0_10,train,777.xlsx,circular_hole,circular_hole,4,90,75,0,10,,,,
1368,777:0788:90_80_0_5,train,777.xlsx,circular_hole,circular_hole,4,90,80,0,5,,,,
1369,777:0789:90_80_0_10,validation,777.xlsx,circular_hole,circular_hole,4,90,80,0,10,,,,
1370,777:0790:90_85_0_5,train,777.xlsx,circular_hole,circular_hole,4,90,85,0,5,,,,
1371,777:0791:90_85_0_10,test,777.xlsx,circular_hole,circular_hole,4,90,85,0,10,,,,
1372,777:0792:90_90_0_5,train,777.xlsx,circular_hole,circular_hole,4,90,90,0,5,,,,
1373,777:0793:90_90_0_10,validation,777.xlsx,circular_hole,circular_hole,4,90,90,0,10,,,,
1374,777:0794:90_95_0_5,train,777.xlsx,circular_hole,circular_hole,4,90,95,0,5,,,,
1375,777:0795:90_95_0_10,train,777.xlsx,circular_hole,circular_hole,4,90,95,0,10,,,,
1376,777:0796:90_100_0_5,train,777.xlsx,circular_hole,circular_hole,4,90,100,0,5,,,,
1377,777:0797:90_100_0_10,train,777.xlsx,circular_hole,circular_hole,4,90,100,0,10,,,,
1378,777:0798:95_0_0_5,train,777.xlsx,circular_hole,circular_hole,4,95,0,0,5,,,,
1379,777:0799:95_0_0_10,train,777.xlsx,circular_hole,circular_hole,4,95,0,0,10,,,,
1380,777:0800:95_5_0_5,train,777.xlsx,circular_hole,circular_hole,4,95,5,0,5,,,,
1381,777:0801:95_5_0_10,train,777.xlsx,circular_hole,circular_hole,4,95,5,0,10,,,,
1382,777:0802:95_10_0_5,train,777.xlsx,circular_hole,circular_hole,4,95,10,0,5,,,,
1383,777:0803:95_10_0_10,validation,777.xlsx,circular_hole,circular_hole,4,95,10,0,10,,,,
1384,777:0804:95_15_0_5,train,777.xlsx,circular_hole,circular_hole,4,95,15,0,5,,,,
1385,777:0805:95_15_0_10,test,777.xlsx,circular_hole,circular_hole,4,95,15,0,10,,,,
1386,777:0806:95_20_0_5,train,777.xlsx,circular_hole,circular_hole,4,95,20,0,5,,,,
1387,777:0807:95_20_0_10,train,777.xlsx,circular_hole,circular_hole,4,95,20,0,10,,,,
1388,777:0808:95_25_0_5,train,777.xlsx,circular_hole,circular_hole,4,95,25,0,5,,,,
1389,777:0809:95_25_0_10,train,777.xlsx,circular_hole,circular_hole,4,95,25,0,10,,,,
1390,777:0810:95_30_0_5,train,777.xlsx,circular_hole,circular_hole,4,95,30,0,5,,,,
1391,777:0811:95_30_0_10,train,777.xlsx,circular_hole,circular_hole,4,95,30,0,10,,,,
1392,777:0812:95_35_0_5,train,777.xlsx,circular_hole,circular_hole,4,95,35,0,5,,,,
1393,777:0813:95_35_0_10,train,777.xlsx,circular_hole,circular_hole,4,95,35,0,10,,,,
1394,777:0814:95_40_0_5,train,777.xlsx,circular_hole,circular_hole,4,95,40,0,5,,,,
1395,777:0815:95_40_0_10,test,777.xlsx,circular_hole,circular_hole,4,95,40,0,10,,,,
1396,777:0816:95_45_0_5,train,777.xlsx,circular_hole,circular_hole,4,95,45,0,5,,,,
1397,777:0817:95_45_0_10,train,777.xlsx,circular_hole,circular_hole,4,95,45,0,10,,,,
1398,777:0818:95_50_0_5,test,777.xlsx,circular_hole,circular_hole,4,95,50,0,5,,,,
1399,777:0819:95_50_0_10,train,777.xlsx,circular_hole,circular_hole,4,95,50,0,10,,,,
1400,777:0820:95_55_0_5,train,777.xlsx,circular_hole,circular_hole,4,95,55,0,5,,,,
1401,777:0821:95_55_0_10,test,777.xlsx,circular_hole,circular_hole,4,95,55,0,10,,,,
1402,777:0822:95_60_0_5,train,777.xlsx,circular_hole,circular_hole,4,95,60,0,5,,,,
1403,777:0823:95_60_0_10,train,777.xlsx,circular_hole,circular_hole,4,95,60,0,10,,,,
1404,777:0824:95_65_0_5,train,777.xlsx,circular_hole,circular_hole,4,95,65,0,5,,,,
1405,777:0825:95_65_0_10,train,777.xlsx,circular_hole,circular_hole,4,95,65,0,10,,,,
1406,777:0826:95_70_0_5,train,777.xlsx,circular_hole,circular_hole,4,95,70,0,5,,,,
1407,777:0827:95_70_0_10,train,777.xlsx,circular_hole,circular_hole,4,95,70,0,10,,,,
1408,777:0828:95_75_0_5,train,777.xlsx,circular_hole,circular_hole,4,95,75,0,5,,,,
1409,777:0829:95_75_0_10,train,777.xlsx,circular_hole,circular_hole,4,95,75,0,10,,,,
1410,777:0830:95_80_0_5,train,777.xlsx,circular_hole,circular_hole,4,95,80,0,5,,,,
1411,777:0831:95_80_0_10,test,777.xlsx,circular_hole,circular_hole,4,95,80,0,10,,,,
1412,777:0832:95_85_0_5,train,777.xlsx,circular_hole,circular_hole,4,95,85,0,5,,,,
1413,777:0833:95_85_0_10,train,777.xlsx,circular_hole,circular_hole,4,95,85,0,10,,,,
1414,777:0834:95_90_0_5,train,777.xlsx,circular_hole,circular_hole,4,95,90,0,5,,,,
1415,777:0835:95_90_0_10,validation,777.xlsx,circular_hole,circular_hole,4,95,90,0,10,,,,
1416,777:0836:95_95_0_5,train,777.xlsx,circular_hole,circular_hole,4,95,95,0,5,,,,
1417,777:0837:95_95_0_10,train,777.xlsx,circular_hole,circular_hole,4,95,95,0,10,,,,
1418,777:0838:95_100_0_5,train,777.xlsx,circular_hole,circular_hole,4,95,100,0,5,,,,
1419,777:0839:95_100_0_10,train,777.xlsx,circular_hole,circular_hole,4,95,100,0,10,,,,
1420,777:0840:100_0_0_5,test,777.xlsx,circular_hole,circular_hole,4,100,0,0,5,,,,
1421,777:0841:100_0_0_10,train,777.xlsx,circular_hole,circular_hole,4,100,0,0,10,,,,
1422,777:0842:100_5_0_5,train,777.xlsx,circular_hole,circular_hole,4,100,5,0,5,,,,
1423,777:0843:100_5_0_10,train,777.xlsx,circular_hole,circular_hole,4,100,5,0,10,,,,
1424,777:0844:100_10_0_5,train,777.xlsx,circular_hole,circular_hole,4,100,10,0,5,,,,
1425,777:0845:100_10_0_10,train,777.xlsx,circular_hole,circular_hole,4,100,10,0,10,,,,
1426,777:0846:100_15_0_5,validation,777.xlsx,circular_hole,circular_hole,4,100,15,0,5,,,,
1427,777:0847:100_15_0_10,train,777.xlsx,circular_hole,circular_hole,4,100,15,0,10,,,,
1428,777:0848:100_20_0_5,train,777.xlsx,circular_hole,circular_hole,4,100,20,0,5,,,,
1429,777:0849:100_20_0_10,train,777.xlsx,circular_hole,circular_hole,4,100,20,0,10,,,,
1430,777:0850:100_25_0_5,train,777.xlsx,circular_hole,circular_hole,4,100,25,0,5,,,,
1431,777:0851:100_25_0_10,train,777.xlsx,circular_hole,circular_hole,4,100,25,0,10,,,,
1432,777:0852:100_30_0_5,validation,777.xlsx,circular_hole,circular_hole,4,100,30,0,5,,,,
1433,777:0853:100_30_0_10,train,777.xlsx,circular_hole,circular_hole,4,100,30,0,10,,,,
1434,777:0854:100_35_0_5,train,777.xlsx,circular_hole,circular_hole,4,100,35,0,5,,,,
1435,777:0855:100_35_0_10,train,777.xlsx,circular_hole,circular_hole,4,100,35,0,10,,,,
1436,777:0856:100_40_0_5,test,777.xlsx,circular_hole,circular_hole,4,100,40,0,5,,,,
1437,777:0857:100_40_0_10,train,777.xlsx,circular_hole,circular_hole,4,100,40,0,10,,,,
1438,777:0858:100_45_0_5,train,777.xlsx,circular_hole,circular_hole,4,100,45,0,5,,,,
1439,777:0859:100_45_0_10,train,777.xlsx,circular_hole,circular_hole,4,100,45,0,10,,,,
1440,777:0860:100_50_0_5,test,777.xlsx,circular_hole,circular_hole,4,100,50,0,5,,,,
1441,777:0861:100_50_0_10,train,777.xlsx,circular_hole,circular_hole,4,100,50,0,10,,,,
1442,777:0862:100_55_0_5,test,777.xlsx,circular_hole,circular_hole,4,100,55,0,5,,,,
1443,777:0863:100_55_0_10,train,777.xlsx,circular_hole,circular_hole,4,100,55,0,10,,,,
1444,777:0864:100_60_0_5,train,777.xlsx,circular_hole,circular_hole,4,100,60,0,5,,,,
1445,777:0865:100_60_0_10,train,777.xlsx,circular_hole,circular_hole,4,100,60,0,10,,,,
1446,777:0866:100_65_0_5,train,777.xlsx,circular_hole,circular_hole,4,100,65,0,5,,,,
1447,777:0867:100_65_0_10,validation,777.xlsx,circular_hole,circular_hole,4,100,65,0,10,,,,
1448,777:0868:100_70_0_5,train,777.xlsx,circular_hole,circular_hole,4,100,70,0,5,,,,
1449,777:0869:100_70_0_10,train,777.xlsx,circular_hole,circular_hole,4,100,70,0,10,,,,
1450,777:0870:100_75_0_5,train,777.xlsx,circular_hole,circular_hole,4,100,75,0,5,,,,
1451,777:0871:100_75_0_10,test,777.xlsx,circular_hole,circular_hole,4,100,75,0,10,,,,
1452,777:0872:100_80_0_5,train,777.xlsx,circular_hole,circular_hole,4,100,80,0,5,,,,
1453,777:0873:100_80_0_10,train,777.xlsx,circular_hole,circular_hole,4,100,80,0,10,,,,
1454,777:0874:100_85_0_5,train,777.xlsx,circular_hole,circular_hole,4,100,85,0,5,,,,
1455,777:0875:100_85_0_10,test,777.xlsx,circular_hole,circular_hole,4,100,85,0,10,,,,
1456,777:0876:100_90_0_5,train,777.xlsx,circular_hole,circular_hole,4,100,90,0,5,,,,
1457,777:0877:100_90_0_10,train,777.xlsx,circular_hole,circular_hole,4,100,90,0,10,,,,
1458,777:0878:100_95_0_5,test,777.xlsx,circular_hole,circular_hole,4,100,95,0,5,,,,
1459,777:0879:100_95_0_10,train,777.xlsx,circular_hole,circular_hole,4,100,95,0,10,,,,
1460,777:0880:100_100_0_5,train,777.xlsx,circular_hole,circular_hole,4,100,100,0,5,,,,
1461,777:0881:100_100_0_10,train,777.xlsx,circular_hole,circular_hole,4,100,100,0,10,,,,
1462,777:0882:105_0_0_5,train,777.xlsx,circular_hole,circular_hole,4,105,0,0,5,,,,
1463,777:0883:105_0_0_10,train,777.xlsx,circular_hole,circular_hole,4,105,0,0,10,,,,
1464,777:0884:105_5_0_5,train,777.xlsx,circular_hole,circular_hole,4,105,5,0,5,,,,
1465,777:0885:105_5_0_10,train,777.xlsx,circular_hole,circular_hole,4,105,5,0,10,,,,
1466,777:0886:105_10_0_5,train,777.xlsx,circular_hole,circular_hole,4,105,10,0,5,,,,
1467,777:0887:105_10_0_10,train,777.xlsx,circular_hole,circular_hole,4,105,10,0,10,,,,
1468,777:0888:105_15_0_5,train,777.xlsx,circular_hole,circular_hole,4,105,15,0,5,,,,
1469,777:0889:105_15_0_10,validation,777.xlsx,circular_hole,circular_hole,4,105,15,0,10,,,,
1470,777:0890:105_20_0_5,train,777.xlsx,circular_hole,circular_hole,4,105,20,0,5,,,,
1471,777:0891:105_20_0_10,train,777.xlsx,circular_hole,circular_hole,4,105,20,0,10,,,,
1472,777:0892:105_25_0_5,train,777.xlsx,circular_hole,circular_hole,4,105,25,0,5,,,,
1473,777:0893:105_25_0_10,train,777.xlsx,circular_hole,circular_hole,4,105,25,0,10,,,,
1474,777:0894:105_30_0_5,train,777.xlsx,circular_hole,circular_hole,4,105,30,0,5,,,,
1475,777:0895:105_30_0_10,validation,777.xlsx,circular_hole,circular_hole,4,105,30,0,10,,,,
1476,777:0896:105_35_0_5,train,777.xlsx,circular_hole,circular_hole,4,105,35,0,5,,,,
1477,777:0897:105_35_0_10,test,777.xlsx,circular_hole,circular_hole,4,105,35,0,10,,,,
1478,777:0898:105_40_0_5,train,777.xlsx,circular_hole,circular_hole,4,105,40,0,5,,,,
1479,777:0899:105_40_0_10,train,777.xlsx,circular_hole,circular_hole,4,105,40,0,10,,,,
1480,777:0900:105_45_0_5,train,777.xlsx,circular_hole,circular_hole,4,105,45,0,5,,,,
1481,777:0901:105_45_0_10,train,777.xlsx,circular_hole,circular_hole,4,105,45,0,10,,,,
1482,777:0902:105_50_0_5,train,777.xlsx,circular_hole,circular_hole,4,105,50,0,5,,,,
1483,777:0903:105_50_0_10,train,777.xlsx,circular_hole,circular_hole,4,105,50,0,10,,,,
1484,777:0904:105_55_0_5,train,777.xlsx,circular_hole,circular_hole,4,105,55,0,5,,,,
1485,777:0905:105_55_0_10,validation,777.xlsx,circular_hole,circular_hole,4,105,55,0,10,,,,
1486,777:0906:105_60_0_5,train,777.xlsx,circular_hole,circular_hole,4,105,60,0,5,,,,
1487,777:0907:105_60_0_10,train,777.xlsx,circular_hole,circular_hole,4,105,60,0,10,,,,
1488,777:0908:105_65_0_5,train,777.xlsx,circular_hole,circular_hole,4,105,65,0,5,,,,
1489,777:0909:105_65_0_10,train,777.xlsx,circular_hole,circular_hole,4,105,65,0,10,,,,
1490,777:0910:105_70_0_5,train,777.xlsx,circular_hole,circular_hole,4,105,70,0,5,,,,
1491,777:0911:105_70_0_10,train,777.xlsx,circular_hole,circular_hole,4,105,70,0,10,,,,
1492,777:0912:105_75_0_5,train,777.xlsx,circular_hole,circular_hole,4,105,75,0,5,,,,
1493,777:0913:105_75_0_10,train,777.xlsx,circular_hole,circular_hole,4,105,75,0,10,,,,
1494,777:0914:105_80_0_5,train,777.xlsx,circular_hole,circular_hole,4,105,80,0,5,,,,
1495,777:0915:105_80_0_10,train,777.xlsx,circular_hole,circular_hole,4,105,80,0,10,,,,
1496,777:0916:105_85_0_5,validation,777.xlsx,circular_hole,circular_hole,4,105,85,0,5,,,,
1497,777:0917:105_85_0_10,train,777.xlsx,circular_hole,circular_hole,4,105,85,0,10,,,,
1498,777:0918:105_90_0_5,train,777.xlsx,circular_hole,circular_hole,4,105,90,0,5,,,,
1499,777:0919:105_90_0_10,train,777.xlsx,circular_hole,circular_hole,4,105,90,0,10,,,,
1500,777:0920:105_95_0_5,validation,777.xlsx,circular_hole,circular_hole,4,105,95,0,5,,,,
1501,777:0921:105_95_0_10,test,777.xlsx,circular_hole,circular_hole,4,105,95,0,10,,,,
1502,777:0922:105_100_0_5,train,777.xlsx,circular_hole,circular_hole,4,105,100,0,5,,,,
1503,777:0923:105_100_0_10,train,777.xlsx,circular_hole,circular_hole,4,105,100,0,10,,,,
1504,777:0924:110_0_0_5,train,777.xlsx,circular_hole,circular_hole,4,110,0,0,5,,,,
1505,777:0925:110_0_0_10,train,777.xlsx,circular_hole,circular_hole,4,110,0,0,10,,,,
1506,777:0926:110_5_0_5,train,777.xlsx,circular_hole,circular_hole,4,110,5,0,5,,,,
1507,777:0927:110_5_0_10,train,777.xlsx,circular_hole,circular_hole,4,110,5,0,10,,,,
1508,777:0928:110_10_0_5,train,777.xlsx,circular_hole,circular_hole,4,110,10,0,5,,,,
1509,777:0929:110_10_0_10,train,777.xlsx,circular_hole,circular_hole,4,110,10,0,10,,,,
1510,777:0930:110_15_0_5,train,777.xlsx,circular_hole,circular_hole,4,110,15,0,5,,,,
1511,777:0931:110_15_0_10,test,777.xlsx,circular_hole,circular_hole,4,110,15,0,10,,,,
1512,777:0932:110_20_0_5,train,777.xlsx,circular_hole,circular_hole,4,110,20,0,5,,,,
1513,777:0933:110_20_0_10,validation,777.xlsx,circular_hole,circular_hole,4,110,20,0,10,,,,
1514,777:0934:110_25_0_5,train,777.xlsx,circular_hole,circular_hole,4,110,25,0,5,,,,
1515,777:0935:110_25_0_10,train,777.xlsx,circular_hole,circular_hole,4,110,25,0,10,,,,
1516,777:0936:110_30_0_5,train,777.xlsx,circular_hole,circular_hole,4,110,30,0,5,,,,
1517,777:0937:110_30_0_10,train,777.xlsx,circular_hole,circular_hole,4,110,30,0,10,,,,
1518,777:0938:110_35_0_5,train,777.xlsx,circular_hole,circular_hole,4,110,35,0,5,,,,
1519,777:0939:110_35_0_10,train,777.xlsx,circular_hole,circular_hole,4,110,35,0,10,,,,
1520,777:0940:110_40_0_5,train,777.xlsx,circular_hole,circular_hole,4,110,40,0,5,,,,
1521,777:0941:110_40_0_10,train,777.xlsx,circular_hole,circular_hole,4,110,40,0,10,,,,
1522,777:0942:110_45_0_5,test,777.xlsx,circular_hole,circular_hole,4,110,45,0,5,,,,
1523,777:0943:110_45_0_10,train,777.xlsx,circular_hole,circular_hole,4,110,45,0,10,,,,
1524,777:0944:110_50_0_5,validation,777.xlsx,circular_hole,circular_hole,4,110,50,0,5,,,,
1525,777:0945:110_50_0_10,train,777.xlsx,circular_hole,circular_hole,4,110,50,0,10,,,,
1526,777:0946:110_55_0_5,train,777.xlsx,circular_hole,circular_hole,4,110,55,0,5,,,,
1527,777:0947:110_55_0_10,train,777.xlsx,circular_hole,circular_hole,4,110,55,0,10,,,,
1528,777:0948:110_60_0_5,train,777.xlsx,circular_hole,circular_hole,4,110,60,0,5,,,,
1529,777:0949:110_60_0_10,train,777.xlsx,circular_hole,circular_hole,4,110,60,0,10,,,,
1530,777:0950:110_65_0_5,train,777.xlsx,circular_hole,circular_hole,4,110,65,0,5,,,,
1531,777:0951:110_65_0_10,train,777.xlsx,circular_hole,circular_hole,4,110,65,0,10,,,,
1532,777:0952:110_70_0_5,train,777.xlsx,circular_hole,circular_hole,4,110,70,0,5,,,,
1533,777:0953:110_70_0_10,train,777.xlsx,circular_hole,circular_hole,4,110,70,0,10,,,,
1534,777:0954:110_75_0_5,train,777.xlsx,circular_hole,circular_hole,4,110,75,0,5,,,,
1535,777:0955:110_75_0_10,test,777.xlsx,circular_hole,circular_hole,4,110,75,0,10,,,,
1536,777:0956:110_80_0_5,train,777.xlsx,circular_hole,circular_hole,4,110,80,0,5,,,,
1537,777:0957:110_80_0_10,test,777.xlsx,circular_hole,circular_hole,4,110,80,0,10,,,,
1538,777:0958:110_85_0_5,train,777.xlsx,circular_hole,circular_hole,4,110,85,0,5,,,,
1539,777:0959:110_85_0_10,train,777.xlsx,circular_hole,circular_hole,4,110,85,0,10,,,,
1540,777:0960:110_90_0_5,train,777.xlsx,circular_hole,circular_hole,4,110,90,0,5,,,,
1541,777:0961:110_90_0_10,train,777.xlsx,circular_hole,circular_hole,4,110,90,0,10,,,,
1542,777:0962:110_95_0_5,train,777.xlsx,circular_hole,circular_hole,4,110,95,0,5,,,,
1543,777:0963:110_95_0_10,train,777.xlsx,circular_hole,circular_hole,4,110,95,0,10,,,,
1544,777:0964:110_100_0_5,train,777.xlsx,circular_hole,circular_hole,4,110,100,0,5,,,,
1545,777:0965:110_100_0_10,validation,777.xlsx,circular_hole,circular_hole,4,110,100,0,10,,,,
1546,777:0966:115_0_0_5,train,777.xlsx,circular_hole,circular_hole,4,115,0,0,5,,,,
1547,777:0967:115_0_0_10,validation,777.xlsx,circular_hole,circular_hole,4,115,0,0,10,,,,
1548,777:0968:115_5_0_5,train,777.xlsx,circular_hole,circular_hole,4,115,5,0,5,,,,
1549,777:0969:115_5_0_10,train,777.xlsx,circular_hole,circular_hole,4,115,5,0,10,,,,
1550,777:0970:115_10_0_5,train,777.xlsx,circular_hole,circular_hole,4,115,10,0,5,,,,
1551,777:0971:115_10_0_10,train,777.xlsx,circular_hole,circular_hole,4,115,10,0,10,,,,
1552,777:0972:115_15_0_5,train,777.xlsx,circular_hole,circular_hole,4,115,15,0,5,,,,
1553,777:0973:115_15_0_10,train,777.xlsx,circular_hole,circular_hole,4,115,15,0,10,,,,
1554,777:0974:115_20_0_5,train,777.xlsx,circular_hole,circular_hole,4,115,20,0,5,,,,
1555,777:0975:115_20_0_10,test,777.xlsx,circular_hole,circular_hole,4,115,20,0,10,,,,
1556,777:0976:115_25_0_5,train,777.xlsx,circular_hole,circular_hole,4,115,25,0,5,,,,
1557,777:0977:115_25_0_10,train,777.xlsx,circular_hole,circular_hole,4,115,25,0,10,,,,
1558,777:0978:115_30_0_5,train,777.xlsx,circular_hole,circular_hole,4,115,30,0,5,,,,
1559,777:0979:115_30_0_10,train,777.xlsx,circular_hole,circular_hole,4,115,30,0,10,,,,
1560,777:0980:115_35_0_5,train,777.xlsx,circular_hole,circular_hole,4,115,35,0,5,,,,
1561,777:0981:115_35_0_10,train,777.xlsx,circular_hole,circular_hole,4,115,35,0,10,,,,
1562,777:0982:115_40_0_5,train,777.xlsx,circular_hole,circular_hole,4,115,40,0,5,,,,
1563,777:0983:115_40_0_10,train,777.xlsx,circular_hole,circular_hole,4,115,40,0,10,,,,
1564,777:0984:115_45_0_5,validation,777.xlsx,circular_hole,circular_hole,4,115,45,0,5,,,,
1565,777:0985:115_45_0_10,train,777.xlsx,circular_hole,circular_hole,4,115,45,0,10,,,,
1566,777:0986:115_50_0_5,train,777.xlsx,circular_hole,circular_hole,4,115,50,0,5,,,,
1567,777:0987:115_50_0_10,train,777.xlsx,circular_hole,circular_hole,4,115,50,0,10,,,,
1568,777:0988:115_55_0_5,train,777.xlsx,circular_hole,circular_hole,4,115,55,0,5,,,,
1569,777:0989:115_55_0_10,train,777.xlsx,circular_hole,circular_hole,4,115,55,0,10,,,,
1570,777:0990:115_60_0_5,train,777.xlsx,circular_hole,circular_hole,4,115,60,0,5,,,,
1571,777:0991:115_60_0_10,train,777.xlsx,circular_hole,circular_hole,4,115,60,0,10,,,,
1572,777:0992:115_65_0_5,train,777.xlsx,circular_hole,circular_hole,4,115,65,0,5,,,,
1573,777:0993:115_65_0_10,train,777.xlsx,circular_hole,circular_hole,4,115,65,0,10,,,,
1574,777:0994:115_70_0_5,train,777.xlsx,circular_hole,circular_hole,4,115,70,0,5,,,,
1575,777:0995:115_70_0_10,validation,777.xlsx,circular_hole,circular_hole,4,115,70,0,10,,,,
1576,777:0996:115_75_0_5,train,777.xlsx,circular_hole,circular_hole,4,115,75,0,5,,,,
1577,777:0997:115_75_0_10,train,777.xlsx,circular_hole,circular_hole,4,115,75,0,10,,,,
1578,777:0998:115_80_0_5,train,777.xlsx,circular_hole,circular_hole,4,115,80,0,5,,,,
1579,777:0999:115_80_0_10,validation,777.xlsx,circular_hole,circular_hole,4,115,80,0,10,,,,
1580,777:1000:115_85_0_5,train,777.xlsx,circular_hole,circular_hole,4,115,85,0,5,,,,
1581,777:1001:115_85_0_10,train,777.xlsx,circular_hole,circular_hole,4,115,85,0,10,,,,
1582,777:1002:115_90_0_5,train,777.xlsx,circular_hole,circular_hole,4,115,90,0,5,,,,
1583,777:1003:115_90_0_10,train,777.xlsx,circular_hole,circular_hole,4,115,90,0,10,,,,
1584,777:1004:115_95_0_5,train,777.xlsx,circular_hole,circular_hole,4,115,95,0,5,,,,
1585,777:1005:115_95_0_10,train,777.xlsx,circular_hole,circular_hole,4,115,95,0,10,,,,
1586,777:1006:115_100_0_5,train,777.xlsx,circular_hole,circular_hole,4,115,100,0,5,,,,
1587,777:1007:115_100_0_10,train,777.xlsx,circular_hole,circular_hole,4,115,100,0,10,,,,
1588,777:1008:120_0_0_5,test,777.xlsx,circular_hole,circular_hole,4,120,0,0,5,,,,
1589,777:1009:120_0_0_10,validation,777.xlsx,circular_hole,circular_hole,4,120,0,0,10,,,,
1590,777:1010:120_5_0_5,train,777.xlsx,circular_hole,circular_hole,4,120,5,0,5,,,,
1591,777:1011:120_5_0_10,validation,777.xlsx,circular_hole,circular_hole,4,120,5,0,10,,,,
1592,777:1012:120_10_0_5,train,777.xlsx,circular_hole,circular_hole,4,120,10,0,5,,,,
1593,777:1013:120_10_0_10,validation,777.xlsx,circular_hole,circular_hole,4,120,10,0,10,,,,
1594,777:1014:120_15_0_5,train,777.xlsx,circular_hole,circular_hole,4,120,15,0,5,,,,
1595,777:1015:120_15_0_10,train,777.xlsx,circular_hole,circular_hole,4,120,15,0,10,,,,
1596,777:1016:120_20_0_5,train,777.xlsx,circular_hole,circular_hole,4,120,20,0,5,,,,
1597,777:1017:120_20_0_10,train,777.xlsx,circular_hole,circular_hole,4,120,20,0,10,,,,
1598,777:1018:120_25_0_5,train,777.xlsx,circular_hole,circular_hole,4,120,25,0,5,,,,
1599,777:1019:120_25_0_10,train,777.xlsx,circular_hole,circular_hole,4,120,25,0,10,,,,
1600,777:1020:120_30_0_5,train,777.xlsx,circular_hole,circular_hole,4,120,30,0,5,,,,
1601,777:1021:120_30_0_10,train,777.xlsx,circular_hole,circular_hole,4,120,30,0,10,,,,
1602,777:1022:120_35_0_5,train,777.xlsx,circular_hole,circular_hole,4,120,35,0,5,,,,
1603,777:1023:120_35_0_10,test,777.xlsx,circular_hole,circular_hole,4,120,35,0,10,,,,
1604,777:1024:120_40_0_5,validation,777.xlsx,circular_hole,circular_hole,4,120,40,0,5,,,,
1605,777:1025:120_40_0_10,test,777.xlsx,circular_hole,circular_hole,4,120,40,0,10,,,,
1606,777:1026:120_45_0_5,train,777.xlsx,circular_hole,circular_hole,4,120,45,0,5,,,,
1607,777:1027:120_45_0_10,train,777.xlsx,circular_hole,circular_hole,4,120,45,0,10,,,,
1608,777:1028:120_50_0_5,train,777.xlsx,circular_hole,circular_hole,4,120,50,0,5,,,,
1609,777:1029:120_50_0_10,train,777.xlsx,circular_hole,circular_hole,4,120,50,0,10,,,,
1610,777:1030:120_55_0_5,train,777.xlsx,circular_hole,circular_hole,4,120,55,0,5,,,,
1611,777:1031:120_55_0_10,train,777.xlsx,circular_hole,circular_hole,4,120,55,0,10,,,,
1612,777:1032:120_60_0_5,train,777.xlsx,circular_hole,circular_hole,4,120,60,0,5,,,,
1613,777:1033:120_60_0_10,train,777.xlsx,circular_hole,circular_hole,4,120,60,0,10,,,,
1614,777:1034:120_65_0_5,train,777.xlsx,circular_hole,circular_hole,4,120,65,0,5,,,,
1615,777:1035:120_65_0_10,train,777.xlsx,circular_hole,circular_hole,4,120,65,0,10,,,,
1616,777:1036:120_70_0_5,train,777.xlsx,circular_hole,circular_hole,4,120,70,0,5,,,,
1617,777:1037:120_70_0_10,test,777.xlsx,circular_hole,circular_hole,4,120,70,0,10,,,,
1618,777:1038:120_75_0_5,train,777.xlsx,circular_hole,circular_hole,4,120,75,0,5,,,,
1619,777:1039:120_75_0_10,train,777.xlsx,circular_hole,circular_hole,4,120,75,0,10,,,,
1620,777:1040:120_80_0_5,train,777.xlsx,circular_hole,circular_hole,4,120,80,0,5,,,,
1621,777:1041:120_80_0_10,train,777.xlsx,circular_hole,circular_hole,4,120,80,0,10,,,,
1622,777:1042:120_85_0_5,test,777.xlsx,circular_hole,circular_hole,4,120,85,0,5,,,,
1623,777:1043:120_85_0_10,test,777.xlsx,circular_hole,circular_hole,4,120,85,0,10,,,,
1624,777:1044:120_90_0_5,test,777.xlsx,circular_hole,circular_hole,4,120,90,0,5,,,,
1625,777:1045:120_90_0_10,validation,777.xlsx,circular_hole,circular_hole,4,120,90,0,10,,,,
1626,777:1046:120_95_0_5,train,777.xlsx,circular_hole,circular_hole,4,120,95,0,5,,,,
1627,777:1047:120_95_0_10,train,777.xlsx,circular_hole,circular_hole,4,120,95,0,10,,,,
1628,777:1048:120_100_0_5,train,777.xlsx,circular_hole,circular_hole,4,120,100,0,5,,,,
1629,777:1049:120_100_0_10,train,777.xlsx,circular_hole,circular_hole,4,120,100,0,10,,,,
1630,板2:0000:10_0_10_1_100_0_10_1,validation,板2.xlsx,double_crack_1mm,double_crack,8,10,0,10,1,100,0,10,1
1631,板2:0001:10_0_10_1_100_0_20_1,train,板2.xlsx,double_crack_1mm,double_crack,8,10,0,10,1,100,0,20,1
1632,板2:0002:10_0_10_1_100_0_30_1,validation,板2.xlsx,double_crack_1mm,double_crack,8,10,0,10,1,100,0,30,1
1633,板2:0003:10_0_10_1_100_0_40_1,train,板2.xlsx,double_crack_1mm,double_crack,8,10,0,10,1,100,0,40,1
1634,板2:0004:10_0_10_1_100_0_50_1,train,板2.xlsx,double_crack_1mm,double_crack,8,10,0,10,1,100,0,50,1
1635,板2:0005:10_0_10_1_110_0_10_1,train,板2.xlsx,double_crack_1mm,double_crack,8,10,0,10,1,110,0,10,1
1636,板2:0006:10_0_10_1_110_0_20_1,train,板2.xlsx,double_crack_1mm,double_crack,8,10,0,10,1,110,0,20,1
1637,板2:0007:10_0_10_1_110_0_30_1,train,板2.xlsx,double_crack_1mm,double_crack,8,10,0,10,1,110,0,30,1
1638,板2:0008:10_0_10_1_110_0_40_1,train,板2.xlsx,double_crack_1mm,double_crack,8,10,0,10,1,110,0,40,1
1639,板2:0009:10_0_10_1_110_0_50_1,validation,板2.xlsx,double_crack_1mm,double_crack,8,10,0,10,1,110,0,50,1
1640,板2:0010:10_0_10_1_120_0_10_1,test,板2.xlsx,double_crack_1mm,double_crack,8,10,0,10,1,120,0,10,1
1641,板2:0011:10_0_10_1_120_0_20_1,train,板2.xlsx,double_crack_1mm,double_crack,8,10,0,10,1,120,0,20,1
1642,板2:0012:10_0_10_1_120_0_30_1,train,板2.xlsx,double_crack_1mm,double_crack,8,10,0,10,1,120,0,30,1
1643,板2:0013:10_0_10_1_120_0_40_1,train,板2.xlsx,double_crack_1mm,double_crack,8,10,0,10,1,120,0,40,1
1644,板2:0014:10_0_10_1_120_0_50_1,test,板2.xlsx,double_crack_1mm,double_crack,8,10,0,10,1,120,0,50,1
1645,板2:0015:10_0_10_1_130_0_10_1,train,板2.xlsx,double_crack_1mm,double_crack,8,10,0,10,1,130,0,10,1
1646,板2:0016:10_0_10_1_130_0_20_1,train,板2.xlsx,double_crack_1mm,double_crack,8,10,0,10,1,130,0,20,1
1647,板2:0017:10_0_10_1_130_0_30_1,train,板2.xlsx,double_crack_1mm,double_crack,8,10,0,10,1,130,0,30,1
1648,板2:0018:10_0_10_1_130_0_40_1,train,板2.xlsx,double_crack_1mm,double_crack,8,10,0,10,1,130,0,40,1
1649,板2:0019:10_0_10_1_130_0_50_1,train,板2.xlsx,double_crack_1mm,double_crack,8,10,0,10,1,130,0,50,1
1650,板2:0020:10_0_10_1_140_0_10_1,validation,板2.xlsx,double_crack_1mm,double_crack,8,10,0,10,1,140,0,10,1
1651,板2:0021:10_0_10_1_140_0_20_1,train,板2.xlsx,double_crack_1mm,double_crack,8,10,0,10,1,140,0,20,1
1652,板2:0022:10_0_10_1_140_0_30_1,test,板2.xlsx,double_crack_1mm,double_crack,8,10,0,10,1,140,0,30,1
1653,板2:0023:10_0_10_1_140_0_40_1,train,板2.xlsx,double_crack_1mm,double_crack,8,10,0,10,1,140,0,40,1
1654,板2:0024:10_0_10_1_140_0_50_1,test,板2.xlsx,double_crack_1mm,double_crack,8,10,0,10,1,140,0,50,1
1655,板2:0025:10_0_20_1_100_0_10_1,train,板2.xlsx,double_crack_1mm,double_crack,8,10,0,20,1,100,0,10,1
1656,板2:0026:10_0_20_1_100_0_20_1,train,板2.xlsx,double_crack_1mm,double_crack,8,10,0,20,1,100,0,20,1
1657,板2:0027:10_0_20_1_100_0_30_1,train,板2.xlsx,double_crack_1mm,double_crack,8,10,0,20,1,100,0,30,1
1658,板2:0028:10_0_20_1_100_0_40_1,train,板2.xlsx,double_crack_1mm,double_crack,8,10,0,20,1,100,0,40,1
1659,板2:0029:10_0_20_1_100_0_50_1,validation,板2.xlsx,double_crack_1mm,double_crack,8,10,0,20,1,100,0,50,1
1660,板2:0030:10_0_20_1_110_0_10_1,train,板2.xlsx,double_crack_1mm,double_crack,8,10,0,20,1,110,0,10,1
1661,板2:0031:10_0_20_1_110_0_20_1,train,板2.xlsx,double_crack_1mm,double_crack,8,10,0,20,1,110,0,20,1
1662,板2:0032:10_0_20_1_110_0_30_1,train,板2.xlsx,double_crack_1mm,double_crack,8,10,0,20,1,110,0,30,1
1663,板2:0033:10_0_20_1_110_0_40_1,train,板2.xlsx,double_crack_1mm,double_crack,8,10,0,20,1,110,0,40,1
1664,板2:0034:10_0_20_1_110_0_50_1,train,板2.xlsx,double_crack_1mm,double_crack,8,10,0,20,1,110,0,50,1
1665,板2:0035:10_0_20_1_120_0_10_1,train,板2.xlsx,double_crack_1mm,double_crack,8,10,0,20,1,120,0,10,1
1666,板2:0036:10_0_20_1_120_0_20_1,validation,板2.xlsx,double_crack_1mm,double_crack,8,10,0,20,1,120,0,20,1
1667,板2:0037:10_0_20_1_120_0_30_1,train,板2.xlsx,double_crack_1mm,double_crack,8,10,0,20,1,120,0,30,1
1668,板2:0038:10_0_20_1_120_0_40_1,train,板2.xlsx,double_crack_1mm,double_crack,8,10,0,20,1,120,0,40,1
1669,板2:0039:10_0_20_1_120_0_50_1,train,板2.xlsx,double_crack_1mm,double_crack,8,10,0,20,1,120,0,50,1
1670,板2:0040:10_0_20_1_130_0_10_1,train,板2.xlsx,double_crack_1mm,double_crack,8,10,0,20,1,130,0,10,1
1671,板2:0041:10_0_20_1_130_0_20_1,train,板2.xlsx,double_crack_1mm,double_crack,8,10,0,20,1,130,0,20,1
1672,板2:0042:10_0_20_1_130_0_30_1,train,板2.xlsx,double_crack_1mm,double_crack,8,10,0,20,1,130,0,30,1
1673,板2:0043:10_0_20_1_130_0_40_1,train,板2.xlsx,double_crack_1mm,double_crack,8,10,0,20,1,130,0,40,1
1674,板2:0044:10_0_20_1_130_0_50_1,train,板2.xlsx,double_crack_1mm,double_crack,8,10,0,20,1,130,0,50,1
1675,板2:0045:10_0_20_1_140_0_10_1,validation,板2.xlsx,double_crack_1mm,double_crack,8,10,0,20,1,140,0,10,1
1676,板2:0046:10_0_20_1_140_0_20_1,test,板2.xlsx,double_crack_1mm,double_crack,8,10,0,20,1,140,0,20,1
1677,板2:0047:10_0_20_1_140_0_30_1,train,板2.xlsx,double_crack_1mm,double_crack,8,10,0,20,1,140,0,30,1
1678,板2:0048:10_0_20_1_140_0_40_1,validation,板2.xlsx,double_crack_1mm,double_crack,8,10,0,20,1,140,0,40,1
1679,板2:0049:10_0_20_1_140_0_50_1,train,板2.xlsx,double_crack_1mm,double_crack,8,10,0,20,1,140,0,50,1
1680,板2:0050:10_0_30_1_100_0_10_1,test,板2.xlsx,double_crack_1mm,double_crack,8,10,0,30,1,100,0,10,1
1681,板2:0051:10_0_30_1_100_0_20_1,train,板2.xlsx,double_crack_1mm,double_crack,8,10,0,30,1,100,0,20,1
1682,板2:0052:10_0_30_1_100_0_30_1,train,板2.xlsx,double_crack_1mm,double_crack,8,10,0,30,1,100,0,30,1
1683,板2:0053:10_0_30_1_100_0_40_1,validation,板2.xlsx,double_crack_1mm,double_crack,8,10,0,30,1,100,0,40,1
1684,板2:0054:10_0_30_1_100_0_50_1,train,板2.xlsx,double_crack_1mm,double_crack,8,10,0,30,1,100,0,50,1
1685,板2:0055:10_0_30_1_110_0_10_1,train,板2.xlsx,double_crack_1mm,double_crack,8,10,0,30,1,110,0,10,1
1686,板2:0056:10_0_30_1_110_0_20_1,train,板2.xlsx,double_crack_1mm,double_crack,8,10,0,30,1,110,0,20,1
1687,板2:0057:10_0_30_1_110_0_30_1,train,板2.xlsx,double_crack_1mm,double_crack,8,10,0,30,1,110,0,30,1
1688,板2:0058:10_0_30_1_110_0_40_1,train,板2.xlsx,double_crack_1mm,double_crack,8,10,0,30,1,110,0,40,1
1689,板2:0059:10_0_30_1_110_0_50_1,train,板2.xlsx,double_crack_1mm,double_crack,8,10,0,30,1,110,0,50,1
1690,板2:0060:10_0_30_1_120_0_10_1,train,板2.xlsx,double_crack_1mm,double_crack,8,10,0,30,1,120,0,10,1
1691,板2:0061:10_0_30_1_120_0_20_1,train,板2.xlsx,double_crack_1mm,double_crack,8,10,0,30,1,120,0,20,1
1692,板2:0062:10_0_30_1_120_0_30_1,train,板2.xlsx,double_crack_1mm,double_crack,8,10,0,30,1,120,0,30,1
1693,板2:0063:10_0_30_1_120_0_40_1,train,板2.xlsx,double_crack_1mm,double_crack,8,10,0,30,1,120,0,40,1
1694,板2:0064:10_0_30_1_120_0_50_1,train,板2.xlsx,double_crack_1mm,double_crack,8,10,0,30,1,120,0,50,1
1695,板2:0065:10_0_30_1_130_0_10_1,train,板2.xlsx,double_crack_1mm,double_crack,8,10,0,30,1,130,0,10,1
1696,板2:0066:10_0_30_1_130_0_20_1,train,板2.xlsx,double_crack_1mm,double_crack,8,10,0,30,1,130,0,20,1
1697,板2:0067:10_0_30_1_130_0_30_1,train,板2.xlsx,double_crack_1mm,double_crack,8,10,0,30,1,130,0,30,1
1698,板2:0068:10_0_30_1_130_0_40_1,test,板2.xlsx,double_crack_1mm,double_crack,8,10,0,30,1,130,0,40,1
1699,板2:0069:10_0_30_1_130_0_50_1,train,板2.xlsx,double_crack_1mm,double_crack,8,10,0,30,1,130,0,50,1
1700,板2:0070:10_0_30_1_140_0_10_1,train,板2.xlsx,double_crack_1mm,double_crack,8,10,0,30,1,140,0,10,1
1701,板2:0071:10_0_30_1_140_0_20_1,train,板2.xlsx,double_crack_1mm,double_crack,8,10,0,30,1,140,0,20,1
1702,板2:0072:10_0_30_1_140_0_30_1,train,板2.xlsx,double_crack_1mm,double_crack,8,10,0,30,1,140,0,30,1
1703,板2:0073:10_0_30_1_140_0_40_1,validation,板2.xlsx,double_crack_1mm,double_crack,8,10,0,30,1,140,0,40,1
1704,板2:0074:10_0_30_1_140_0_50_1,test,板2.xlsx,double_crack_1mm,double_crack,8,10,0,30,1,140,0,50,1
1705,板2:0075:10_0_40_1_100_0_10_1,train,板2.xlsx,double_crack_1mm,double_crack,8,10,0,40,1,100,0,10,1
1706,板2:0076:10_0_40_1_100_0_20_1,train,板2.xlsx,double_crack_1mm,double_crack,8,10,0,40,1,100,0,20,1
1707,板2:0077:10_0_40_1_100_0_30_1,train,板2.xlsx,double_crack_1mm,double_crack,8,10,0,40,1,100,0,30,1
1708,板2:0078:10_0_40_1_100_0_40_1,train,板2.xlsx,double_crack_1mm,double_crack,8,10,0,40,1,100,0,40,1
1709,板2:0079:10_0_40_1_100_0_50_1,train,板2.xlsx,double_crack_1mm,double_crack,8,10,0,40,1,100,0,50,1
1710,板2:0080:10_0_40_1_110_0_10_1,train,板2.xlsx,double_crack_1mm,double_crack,8,10,0,40,1,110,0,10,1
1711,板2:0081:10_0_40_1_110_0_20_1,train,板2.xlsx,double_crack_1mm,double_crack,8,10,0,40,1,110,0,20,1
1712,板2:0082:10_0_40_1_110_0_30_1,train,板2.xlsx,double_crack_1mm,double_crack,8,10,0,40,1,110,0,30,1
1713,板2:0083:10_0_40_1_110_0_40_1,train,板2.xlsx,double_crack_1mm,double_crack,8,10,0,40,1,110,0,40,1
1714,板2:0084:10_0_40_1_110_0_50_1,train,板2.xlsx,double_crack_1mm,double_crack,8,10,0,40,1,110,0,50,1
1715,板2:0085:10_0_40_1_120_0_10_1,train,板2.xlsx,double_crack_1mm,double_crack,8,10,0,40,1,120,0,10,1
1716,板2:0086:10_0_40_1_120_0_20_1,train,板2.xlsx,double_crack_1mm,double_crack,8,10,0,40,1,120,0,20,1
1717,板2:0087:10_0_40_1_120_0_30_1,train,板2.xlsx,double_crack_1mm,double_crack,8,10,0,40,1,120,0,30,1
1718,板2:0088:10_0_40_1_120_0_40_1,train,板2.xlsx,double_crack_1mm,double_crack,8,10,0,40,1,120,0,40,1
1719,板2:0089:10_0_40_1_120_0_50_1,train,板2.xlsx,double_crack_1mm,double_crack,8,10,0,40,1,120,0,50,1
1720,板2:0090:10_0_40_1_130_0_10_1,train,板2.xlsx,double_crack_1mm,double_crack,8,10,0,40,1,130,0,10,1
1721,板2:0091:10_0_40_1_130_0_20_1,train,板2.xlsx,double_crack_1mm,double_crack,8,10,0,40,1,130,0,20,1
1722,板2:0092:10_0_40_1_130_0_30_1,train,板2.xlsx,double_crack_1mm,double_crack,8,10,0,40,1,130,0,30,1
1723,板2:0093:10_0_40_1_130_0_40_1,train,板2.xlsx,double_crack_1mm,double_crack,8,10,0,40,1,130,0,40,1
1724,板2:0094:10_0_40_1_130_0_50_1,test,板2.xlsx,double_crack_1mm,double_crack,8,10,0,40,1,130,0,50,1
1725,板2:0095:10_0_40_1_140_0_10_1,train,板2.xlsx,double_crack_1mm,double_crack,8,10,0,40,1,140,0,10,1
1726,板2:0096:10_0_40_1_140_0_20_1,train,板2.xlsx,double_crack_1mm,double_crack,8,10,0,40,1,140,0,20,1
1727,板2:0097:10_0_40_1_140_0_30_1,train,板2.xlsx,double_crack_1mm,double_crack,8,10,0,40,1,140,0,30,1
1728,板2:0098:10_0_40_1_140_0_40_1,train,板2.xlsx,double_crack_1mm,double_crack,8,10,0,40,1,140,0,40,1
1729,板2:0099:10_0_40_1_140_0_50_1,train,板2.xlsx,double_crack_1mm,double_crack,8,10,0,40,1,140,0,50,1
1730,板2:0100:10_0_50_1_100_0_10_1,train,板2.xlsx,double_crack_1mm,double_crack,8,10,0,50,1,100,0,10,1
1731,板2:0101:10_0_50_1_100_0_20_1,train,板2.xlsx,double_crack_1mm,double_crack,8,10,0,50,1,100,0,20,1
1732,板2:0102:10_0_50_1_100_0_30_1,train,板2.xlsx,double_crack_1mm,double_crack,8,10,0,50,1,100,0,30,1
1733,板2:0103:10_0_50_1_100_0_40_1,test,板2.xlsx,double_crack_1mm,double_crack,8,10,0,50,1,100,0,40,1
1734,板2:0104:10_0_50_1_100_0_50_1,train,板2.xlsx,double_crack_1mm,double_crack,8,10,0,50,1,100,0,50,1
1735,板2:0105:10_0_50_1_110_0_10_1,train,板2.xlsx,double_crack_1mm,double_crack,8,10,0,50,1,110,0,10,1
1736,板2:0106:10_0_50_1_110_0_20_1,train,板2.xlsx,double_crack_1mm,double_crack,8,10,0,50,1,110,0,20,1
1737,板2:0107:10_0_50_1_110_0_30_1,validation,板2.xlsx,double_crack_1mm,double_crack,8,10,0,50,1,110,0,30,1
1738,板2:0108:10_0_50_1_110_0_40_1,train,板2.xlsx,double_crack_1mm,double_crack,8,10,0,50,1,110,0,40,1
1739,板2:0109:10_0_50_1_110_0_50_1,train,板2.xlsx,double_crack_1mm,double_crack,8,10,0,50,1,110,0,50,1
1740,板2:0110:10_0_50_1_120_0_10_1,train,板2.xlsx,double_crack_1mm,double_crack,8,10,0,50,1,120,0,10,1
1741,板2:0111:10_0_50_1_120_0_20_1,train,板2.xlsx,double_crack_1mm,double_crack,8,10,0,50,1,120,0,20,1
1742,板2:0112:10_0_50_1_120_0_30_1,train,板2.xlsx,double_crack_1mm,double_crack,8,10,0,50,1,120,0,30,1
1743,板2:0113:10_0_50_1_120_0_40_1,train,板2.xlsx,double_crack_1mm,double_crack,8,10,0,50,1,120,0,40,1
1744,板2:0114:10_0_50_1_120_0_50_1,train,板2.xlsx,double_crack_1mm,double_crack,8,10,0,50,1,120,0,50,1
1745,板2:0115:10_0_50_1_130_0_10_1,train,板2.xlsx,double_crack_1mm,double_crack,8,10,0,50,1,130,0,10,1
1746,板2:0116:10_0_50_1_130_0_20_1,test,板2.xlsx,double_crack_1mm,double_crack,8,10,0,50,1,130,0,20,1
1747,板2:0117:10_0_50_1_130_0_30_1,validation,板2.xlsx,double_crack_1mm,double_crack,8,10,0,50,1,130,0,30,1
1748,板2:0118:10_0_50_1_130_0_40_1,train,板2.xlsx,double_crack_1mm,double_crack,8,10,0,50,1,130,0,40,1
1749,板2:0119:10_0_50_1_130_0_50_1,train,板2.xlsx,double_crack_1mm,double_crack,8,10,0,50,1,130,0,50,1
1750,板2:0120:10_0_50_1_140_0_10_1,train,板2.xlsx,double_crack_1mm,double_crack,8,10,0,50,1,140,0,10,1
1751,板2:0121:10_0_50_1_140_0_20_1,train,板2.xlsx,double_crack_1mm,double_crack,8,10,0,50,1,140,0,20,1
1752,板2:0122:10_0_50_1_140_0_30_1,train,板2.xlsx,double_crack_1mm,double_crack,8,10,0,50,1,140,0,30,1
1753,板2:0123:10_0_50_1_140_0_40_1,train,板2.xlsx,double_crack_1mm,double_crack,8,10,0,50,1,140,0,40,1
1754,板2:0124:10_0_50_1_140_0_50_1,train,板2.xlsx,double_crack_1mm,double_crack,8,10,0,50,1,140,0,50,1
1755,板2:0125:20_0_10_1_100_0_10_1,train,板2.xlsx,double_crack_1mm,double_crack,8,20,0,10,1,100,0,10,1
1756,板2:0126:20_0_10_1_100_0_20_1,test,板2.xlsx,double_crack_1mm,double_crack,8,20,0,10,1,100,0,20,1
1757,板2:0127:20_0_10_1_100_0_30_1,train,板2.xlsx,double_crack_1mm,double_crack,8,20,0,10,1,100,0,30,1
1758,板2:0128:20_0_10_1_100_0_40_1,train,板2.xlsx,double_crack_1mm,double_crack,8,20,0,10,1,100,0,40,1
1759,板2:0129:20_0_10_1_100_0_50_1,test,板2.xlsx,double_crack_1mm,double_crack,8,20,0,10,1,100,0,50,1
1760,板2:0130:20_0_10_1_110_0_10_1,validation,板2.xlsx,double_crack_1mm,double_crack,8,20,0,10,1,110,0,10,1
1761,板2:0131:20_0_10_1_110_0_20_1,train,板2.xlsx,double_crack_1mm,double_crack,8,20,0,10,1,110,0,20,1
1762,板2:0132:20_0_10_1_110_0_30_1,train,板2.xlsx,double_crack_1mm,double_crack,8,20,0,10,1,110,0,30,1
1763,板2:0133:20_0_10_1_110_0_40_1,train,板2.xlsx,double_crack_1mm,double_crack,8,20,0,10,1,110,0,40,1
1764,板2:0134:20_0_10_1_110_0_50_1,train,板2.xlsx,double_crack_1mm,double_crack,8,20,0,10,1,110,0,50,1
1765,板2:0135:20_0_10_1_120_0_10_1,train,板2.xlsx,double_crack_1mm,double_crack,8,20,0,10,1,120,0,10,1
1766,板2:0136:20_0_10_1_120_0_20_1,train,板2.xlsx,double_crack_1mm,double_crack,8,20,0,10,1,120,0,20,1
1767,板2:0137:20_0_10_1_120_0_30_1,train,板2.xlsx,double_crack_1mm,double_crack,8,20,0,10,1,120,0,30,1
1768,板2:0138:20_0_10_1_120_0_40_1,train,板2.xlsx,double_crack_1mm,double_crack,8,20,0,10,1,120,0,40,1
1769,板2:0139:20_0_10_1_120_0_50_1,train,板2.xlsx,double_crack_1mm,double_crack,8,20,0,10,1,120,0,50,1
1770,板2:0140:20_0_10_1_130_0_10_1,test,板2.xlsx,double_crack_1mm,double_crack,8,20,0,10,1,130,0,10,1
1771,板2:0141:20_0_10_1_130_0_20_1,train,板2.xlsx,double_crack_1mm,double_crack,8,20,0,10,1,130,0,20,1
1772,板2:0142:20_0_10_1_130_0_30_1,test,板2.xlsx,double_crack_1mm,double_crack,8,20,0,10,1,130,0,30,1
1773,板2:0143:20_0_10_1_130_0_40_1,train,板2.xlsx,double_crack_1mm,double_crack,8,20,0,10,1,130,0,40,1
1774,板2:0144:20_0_10_1_130_0_50_1,test,板2.xlsx,double_crack_1mm,double_crack,8,20,0,10,1,130,0,50,1
1775,板2:0145:20_0_10_1_140_0_10_1,train,板2.xlsx,double_crack_1mm,double_crack,8,20,0,10,1,140,0,10,1
1776,板2:0146:20_0_10_1_140_0_20_1,train,板2.xlsx,double_crack_1mm,double_crack,8,20,0,10,1,140,0,20,1
1777,板2:0147:20_0_10_1_140_0_30_1,train,板2.xlsx,double_crack_1mm,double_crack,8,20,0,10,1,140,0,30,1
1778,板2:0148:20_0_10_1_140_0_40_1,train,板2.xlsx,double_crack_1mm,double_crack,8,20,0,10,1,140,0,40,1
1779,板2:0149:20_0_10_1_140_0_50_1,train,板2.xlsx,double_crack_1mm,double_crack,8,20,0,10,1,140,0,50,1
1780,板2:0150:20_0_20_1_100_0_10_1,train,板2.xlsx,double_crack_1mm,double_crack,8,20,0,20,1,100,0,10,1
1781,板2:0151:20_0_20_1_100_0_20_1,train,板2.xlsx,double_crack_1mm,double_crack,8,20,0,20,1,100,0,20,1
1782,板2:0152:20_0_20_1_100_0_30_1,train,板2.xlsx,double_crack_1mm,double_crack,8,20,0,20,1,100,0,30,1
1783,板2:0153:20_0_20_1_100_0_40_1,train,板2.xlsx,double_crack_1mm,double_crack,8,20,0,20,1,100,0,40,1
1784,板2:0154:20_0_20_1_100_0_50_1,train,板2.xlsx,double_crack_1mm,double_crack,8,20,0,20,1,100,0,50,1
1785,板2:0155:20_0_20_1_110_0_10_1,train,板2.xlsx,double_crack_1mm,double_crack,8,20,0,20,1,110,0,10,1
1786,板2:0156:20_0_20_1_110_0_20_1,test,板2.xlsx,double_crack_1mm,double_crack,8,20,0,20,1,110,0,20,1
1787,板2:0157:20_0_20_1_110_0_30_1,train,板2.xlsx,double_crack_1mm,double_crack,8,20,0,20,1,110,0,30,1
1788,板2:0158:20_0_20_1_110_0_40_1,train,板2.xlsx,double_crack_1mm,double_crack,8,20,0,20,1,110,0,40,1
1789,板2:0159:20_0_20_1_110_0_50_1,train,板2.xlsx,double_crack_1mm,double_crack,8,20,0,20,1,110,0,50,1
1790,板2:0160:20_0_20_1_120_0_10_1,test,板2.xlsx,double_crack_1mm,double_crack,8,20,0,20,1,120,0,10,1
1791,板2:0161:20_0_20_1_120_0_20_1,validation,板2.xlsx,double_crack_1mm,double_crack,8,20,0,20,1,120,0,20,1
1792,板2:0162:20_0_20_1_120_0_30_1,train,板2.xlsx,double_crack_1mm,double_crack,8,20,0,20,1,120,0,30,1
1793,板2:0163:20_0_20_1_120_0_40_1,train,板2.xlsx,double_crack_1mm,double_crack,8,20,0,20,1,120,0,40,1
1794,板2:0164:20_0_20_1_120_0_50_1,train,板2.xlsx,double_crack_1mm,double_crack,8,20,0,20,1,120,0,50,1
1795,板2:0165:20_0_20_1_130_0_10_1,train,板2.xlsx,double_crack_1mm,double_crack,8,20,0,20,1,130,0,10,1
1796,板2:0166:20_0_20_1_130_0_20_1,train,板2.xlsx,double_crack_1mm,double_crack,8,20,0,20,1,130,0,20,1
1797,板2:0167:20_0_20_1_130_0_30_1,train,板2.xlsx,double_crack_1mm,double_crack,8,20,0,20,1,130,0,30,1
1798,板2:0168:20_0_20_1_130_0_40_1,validation,板2.xlsx,double_crack_1mm,double_crack,8,20,0,20,1,130,0,40,1
1799,板2:0169:20_0_20_1_130_0_50_1,train,板2.xlsx,double_crack_1mm,double_crack,8,20,0,20,1,130,0,50,1
1800,板2:0170:20_0_20_1_140_0_10_1,train,板2.xlsx,double_crack_1mm,double_crack,8,20,0,20,1,140,0,10,1
1801,板2:0171:20_0_20_1_140_0_20_1,train,板2.xlsx,double_crack_1mm,double_crack,8,20,0,20,1,140,0,20,1
1802,板2:0172:20_0_20_1_140_0_30_1,train,板2.xlsx,double_crack_1mm,double_crack,8,20,0,20,1,140,0,30,1
1803,板2:0173:20_0_20_1_140_0_40_1,validation,板2.xlsx,double_crack_1mm,double_crack,8,20,0,20,1,140,0,40,1
1804,板2:0174:20_0_20_1_140_0_50_1,train,板2.xlsx,double_crack_1mm,double_crack,8,20,0,20,1,140,0,50,1
1805,板2:0175:20_0_30_1_100_0_10_1,train,板2.xlsx,double_crack_1mm,double_crack,8,20,0,30,1,100,0,10,1
1806,板2:0176:20_0_30_1_100_0_20_1,test,板2.xlsx,double_crack_1mm,double_crack,8,20,0,30,1,100,0,20,1
1807,板2:0177:20_0_30_1_100_0_30_1,train,板2.xlsx,double_crack_1mm,double_crack,8,20,0,30,1,100,0,30,1
1808,板2:0178:20_0_30_1_100_0_40_1,test,板2.xlsx,double_crack_1mm,double_crack,8,20,0,30,1,100,0,40,1
1809,板2:0179:20_0_30_1_100_0_50_1,test,板2.xlsx,double_crack_1mm,double_crack,8,20,0,30,1,100,0,50,1
1810,板2:0180:20_0_30_1_110_0_10_1,train,板2.xlsx,double_crack_1mm,double_crack,8,20,0,30,1,110,0,10,1
1811,板2:0181:20_0_30_1_110_0_20_1,test,板2.xlsx,double_crack_1mm,double_crack,8,20,0,30,1,110,0,20,1
1812,板2:0182:20_0_30_1_110_0_30_1,train,板2.xlsx,double_crack_1mm,double_crack,8,20,0,30,1,110,0,30,1
1813,板2:0183:20_0_30_1_110_0_40_1,train,板2.xlsx,double_crack_1mm,double_crack,8,20,0,30,1,110,0,40,1
1814,板2:0184:20_0_30_1_110_0_50_1,train,板2.xlsx,double_crack_1mm,double_crack,8,20,0,30,1,110,0,50,1
1815,板2:0185:20_0_30_1_120_0_10_1,train,板2.xlsx,double_crack_1mm,double_crack,8,20,0,30,1,120,0,10,1
1816,板2:0186:20_0_30_1_120_0_20_1,train,板2.xlsx,double_crack_1mm,double_crack,8,20,0,30,1,120,0,20,1
1817,板2:0187:20_0_30_1_120_0_30_1,train,板2.xlsx,double_crack_1mm,double_crack,8,20,0,30,1,120,0,30,1
1818,板2:0188:20_0_30_1_120_0_40_1,train,板2.xlsx,double_crack_1mm,double_crack,8,20,0,30,1,120,0,40,1
1819,板2:0189:20_0_30_1_120_0_50_1,train,板2.xlsx,double_crack_1mm,double_crack,8,20,0,30,1,120,0,50,1
1820,板2:0190:20_0_30_1_130_0_10_1,train,板2.xlsx,double_crack_1mm,double_crack,8,20,0,30,1,130,0,10,1
1821,板2:0191:20_0_30_1_130_0_20_1,train,板2.xlsx,double_crack_1mm,double_crack,8,20,0,30,1,130,0,20,1
1822,板2:0192:20_0_30_1_130_0_30_1,train,板2.xlsx,double_crack_1mm,double_crack,8,20,0,30,1,130,0,30,1
1823,板2:0193:20_0_30_1_130_0_40_1,train,板2.xlsx,double_crack_1mm,double_crack,8,20,0,30,1,130,0,40,1
1824,板2:0194:20_0_30_1_130_0_50_1,train,板2.xlsx,double_crack_1mm,double_crack,8,20,0,30,1,130,0,50,1
1825,板2:0195:20_0_30_1_140_0_10_1,test,板2.xlsx,double_crack_1mm,double_crack,8,20,0,30,1,140,0,10,1
1826,板2:0196:20_0_30_1_140_0_20_1,train,板2.xlsx,double_crack_1mm,double_crack,8,20,0,30,1,140,0,20,1
1827,板2:0197:20_0_30_1_140_0_30_1,test,板2.xlsx,double_crack_1mm,double_crack,8,20,0,30,1,140,0,30,1
1828,板2:0198:20_0_30_1_140_0_40_1,train,板2.xlsx,double_crack_1mm,double_crack,8,20,0,30,1,140,0,40,1
1829,板2:0199:20_0_30_1_140_0_50_1,train,板2.xlsx,double_crack_1mm,double_crack,8,20,0,30,1,140,0,50,1
1830,板2:0200:20_0_40_1_100_0_10_1,train,板2.xlsx,double_crack_1mm,double_crack,8,20,0,40,1,100,0,10,1
1831,板2:0201:20_0_40_1_100_0_20_1,test,板2.xlsx,double_crack_1mm,double_crack,8,20,0,40,1,100,0,20,1
1832,板2:0202:20_0_40_1_100_0_30_1,train,板2.xlsx,double_crack_1mm,double_crack,8,20,0,40,1,100,0,30,1
1833,板2:0203:20_0_40_1_100_0_40_1,train,板2.xlsx,double_crack_1mm,double_crack,8,20,0,40,1,100,0,40,1
1834,板2:0204:20_0_40_1_100_0_50_1,train,板2.xlsx,double_crack_1mm,double_crack,8,20,0,40,1,100,0,50,1
1835,板2:0205:20_0_40_1_110_0_10_1,train,板2.xlsx,double_crack_1mm,double_crack,8,20,0,40,1,110,0,10,1
1836,板2:0206:20_0_40_1_110_0_20_1,train,板2.xlsx,double_crack_1mm,double_crack,8,20,0,40,1,110,0,20,1
1837,板2:0207:20_0_40_1_110_0_30_1,train,板2.xlsx,double_crack_1mm,double_crack,8,20,0,40,1,110,0,30,1
1838,板2:0208:20_0_40_1_110_0_40_1,train,板2.xlsx,double_crack_1mm,double_crack,8,20,0,40,1,110,0,40,1
1839,板2:0209:20_0_40_1_110_0_50_1,validation,板2.xlsx,double_crack_1mm,double_crack,8,20,0,40,1,110,0,50,1
1840,板2:0210:20_0_40_1_120_0_10_1,train,板2.xlsx,double_crack_1mm,double_crack,8,20,0,40,1,120,0,10,1
1841,板2:0211:20_0_40_1_120_0_20_1,train,板2.xlsx,double_crack_1mm,double_crack,8,20,0,40,1,120,0,20,1
1842,板2:0212:20_0_40_1_120_0_30_1,train,板2.xlsx,double_crack_1mm,double_crack,8,20,0,40,1,120,0,30,1
1843,板2:0213:20_0_40_1_120_0_40_1,train,板2.xlsx,double_crack_1mm,double_crack,8,20,0,40,1,120,0,40,1
1844,板2:0214:20_0_40_1_120_0_50_1,train,板2.xlsx,double_crack_1mm,double_crack,8,20,0,40,1,120,0,50,1
1845,板2:0215:20_0_40_1_130_0_10_1,test,板2.xlsx,double_crack_1mm,double_crack,8,20,0,40,1,130,0,10,1
1846,板2:0216:20_0_40_1_130_0_20_1,train,板2.xlsx,double_crack_1mm,double_crack,8,20,0,40,1,130,0,20,1
1847,板2:0217:20_0_40_1_130_0_30_1,test,板2.xlsx,double_crack_1mm,double_crack,8,20,0,40,1,130,0,30,1
1848,板2:0218:20_0_40_1_130_0_40_1,train,板2.xlsx,double_crack_1mm,double_crack,8,20,0,40,1,130,0,40,1
1849,板2:0219:20_0_40_1_130_0_50_1,train,板2.xlsx,double_crack_1mm,double_crack,8,20,0,40,1,130,0,50,1
1850,板2:0220:20_0_40_1_140_0_10_1,validation,板2.xlsx,double_crack_1mm,double_crack,8,20,0,40,1,140,0,10,1
1851,板2:0221:20_0_40_1_140_0_20_1,train,板2.xlsx,double_crack_1mm,double_crack,8,20,0,40,1,140,0,20,1
1852,板2:0222:20_0_40_1_140_0_30_1,train,板2.xlsx,double_crack_1mm,double_crack,8,20,0,40,1,140,0,30,1
1853,板2:0223:20_0_40_1_140_0_40_1,train,板2.xlsx,double_crack_1mm,double_crack,8,20,0,40,1,140,0,40,1
1854,板2:0224:20_0_40_1_140_0_50_1,train,板2.xlsx,double_crack_1mm,double_crack,8,20,0,40,1,140,0,50,1
1855,板2:0225:20_0_50_1_100_0_10_1,train,板2.xlsx,double_crack_1mm,double_crack,8,20,0,50,1,100,0,10,1
1856,板2:0226:20_0_50_1_100_0_20_1,train,板2.xlsx,double_crack_1mm,double_crack,8,20,0,50,1,100,0,20,1
1857,板2:0227:20_0_50_1_100_0_30_1,test,板2.xlsx,double_crack_1mm,double_crack,8,20,0,50,1,100,0,30,1
1858,板2:0228:20_0_50_1_100_0_40_1,train,板2.xlsx,double_crack_1mm,double_crack,8,20,0,50,1,100,0,40,1
1859,板2:0229:20_0_50_1_100_0_50_1,train,板2.xlsx,double_crack_1mm,double_crack,8,20,0,50,1,100,0,50,1
1860,板2:0230:20_0_50_1_110_0_10_1,train,板2.xlsx,double_crack_1mm,double_crack,8,20,0,50,1,110,0,10,1
1861,板2:0231:20_0_50_1_110_0_20_1,train,板2.xlsx,double_crack_1mm,double_crack,8,20,0,50,1,110,0,20,1
1862,板2:0232:20_0_50_1_110_0_30_1,train,板2.xlsx,double_crack_1mm,double_crack,8,20,0,50,1,110,0,30,1
1863,板2:0233:20_0_50_1_110_0_40_1,train,板2.xlsx,double_crack_1mm,double_crack,8,20,0,50,1,110,0,40,1
1864,板2:0234:20_0_50_1_110_0_50_1,train,板2.xlsx,double_crack_1mm,double_crack,8,20,0,50,1,110,0,50,1
1865,板2:0235:20_0_50_1_120_0_10_1,train,板2.xlsx,double_crack_1mm,double_crack,8,20,0,50,1,120,0,10,1
1866,板2:0236:20_0_50_1_120_0_20_1,train,板2.xlsx,double_crack_1mm,double_crack,8,20,0,50,1,120,0,20,1
1867,板2:0237:20_0_50_1_120_0_30_1,train,板2.xlsx,double_crack_1mm,double_crack,8,20,0,50,1,120,0,30,1
1868,板2:0238:20_0_50_1_120_0_40_1,train,板2.xlsx,double_crack_1mm,double_crack,8,20,0,50,1,120,0,40,1
1869,板2:0239:20_0_50_1_120_0_50_1,train,板2.xlsx,double_crack_1mm,double_crack,8,20,0,50,1,120,0,50,1
1870,板2:0240:20_0_50_1_130_0_10_1,train,板2.xlsx,double_crack_1mm,double_crack,8,20,0,50,1,130,0,10,1
1871,板2:0241:20_0_50_1_130_0_20_1,validation,板2.xlsx,double_crack_1mm,double_crack,8,20,0,50,1,130,0,20,1
1872,板2:0242:20_0_50_1_130_0_30_1,train,板2.xlsx,double_crack_1mm,double_crack,8,20,0,50,1,130,0,30,1
1873,板2:0243:20_0_50_1_130_0_40_1,test,板2.xlsx,double_crack_1mm,double_crack,8,20,0,50,1,130,0,40,1
1874,板2:0244:20_0_50_1_130_0_50_1,train,板2.xlsx,double_crack_1mm,double_crack,8,20,0,50,1,130,0,50,1
1875,板2:0245:20_0_50_1_140_0_10_1,train,板2.xlsx,double_crack_1mm,double_crack,8,20,0,50,1,140,0,10,1
1876,板2:0246:20_0_50_1_140_0_20_1,train,板2.xlsx,double_crack_1mm,double_crack,8,20,0,50,1,140,0,20,1
1877,板2:0247:20_0_50_1_140_0_30_1,train,板2.xlsx,double_crack_1mm,double_crack,8,20,0,50,1,140,0,30,1
1878,板2:0248:20_0_50_1_140_0_40_1,train,板2.xlsx,double_crack_1mm,double_crack,8,20,0,50,1,140,0,40,1
1879,板2:0249:20_0_50_1_140_0_50_1,train,板2.xlsx,double_crack_1mm,double_crack,8,20,0,50,1,140,0,50,1
1880,板2:0250:30_0_10_1_100_0_10_1,train,板2.xlsx,double_crack_1mm,double_crack,8,30,0,10,1,100,0,10,1
1881,板2:0251:30_0_10_1_100_0_20_1,train,板2.xlsx,double_crack_1mm,double_crack,8,30,0,10,1,100,0,20,1
1882,板2:0252:30_0_10_1_100_0_30_1,train,板2.xlsx,double_crack_1mm,double_crack,8,30,0,10,1,100,0,30,1
1883,板2:0253:30_0_10_1_100_0_40_1,train,板2.xlsx,double_crack_1mm,double_crack,8,30,0,10,1,100,0,40,1
1884,板2:0254:30_0_10_1_100_0_50_1,train,板2.xlsx,double_crack_1mm,double_crack,8,30,0,10,1,100,0,50,1
1885,板2:0255:30_0_10_1_110_0_10_1,train,板2.xlsx,double_crack_1mm,double_crack,8,30,0,10,1,110,0,10,1
1886,板2:0256:30_0_10_1_110_0_20_1,train,板2.xlsx,double_crack_1mm,double_crack,8,30,0,10,1,110,0,20,1
1887,板2:0257:30_0_10_1_110_0_30_1,train,板2.xlsx,double_crack_1mm,double_crack,8,30,0,10,1,110,0,30,1
1888,板2:0258:30_0_10_1_110_0_40_1,train,板2.xlsx,double_crack_1mm,double_crack,8,30,0,10,1,110,0,40,1
1889,板2:0259:30_0_10_1_110_0_50_1,train,板2.xlsx,double_crack_1mm,double_crack,8,30,0,10,1,110,0,50,1
1890,板2:0260:30_0_10_1_120_0_10_1,train,板2.xlsx,double_crack_1mm,double_crack,8,30,0,10,1,120,0,10,1
1891,板2:0261:30_0_10_1_120_0_20_1,train,板2.xlsx,double_crack_1mm,double_crack,8,30,0,10,1,120,0,20,1
1892,板2:0262:30_0_10_1_120_0_30_1,validation,板2.xlsx,double_crack_1mm,double_crack,8,30,0,10,1,120,0,30,1
1893,板2:0263:30_0_10_1_120_0_40_1,train,板2.xlsx,double_crack_1mm,double_crack,8,30,0,10,1,120,0,40,1
1894,板2:0264:30_0_10_1_120_0_50_1,validation,板2.xlsx,double_crack_1mm,double_crack,8,30,0,10,1,120,0,50,1
1895,板2:0265:30_0_10_1_130_0_10_1,train,板2.xlsx,double_crack_1mm,double_crack,8,30,0,10,1,130,0,10,1
1896,板2:0266:30_0_10_1_130_0_20_1,validation,板2.xlsx,double_crack_1mm,double_crack,8,30,0,10,1,130,0,20,1
1897,板2:0267:30_0_10_1_130_0_30_1,train,板2.xlsx,double_crack_1mm,double_crack,8,30,0,10,1,130,0,30,1
1898,板2:0268:30_0_10_1_130_0_40_1,train,板2.xlsx,double_crack_1mm,double_crack,8,30,0,10,1,130,0,40,1
1899,板2:0269:30_0_10_1_130_0_50_1,train,板2.xlsx,double_crack_1mm,double_crack,8,30,0,10,1,130,0,50,1
1900,板2:0270:30_0_10_1_140_0_10_1,train,板2.xlsx,double_crack_1mm,double_crack,8,30,0,10,1,140,0,10,1
1901,板2:0271:30_0_10_1_140_0_20_1,train,板2.xlsx,double_crack_1mm,double_crack,8,30,0,10,1,140,0,20,1
1902,板2:0272:30_0_10_1_140_0_30_1,train,板2.xlsx,double_crack_1mm,double_crack,8,30,0,10,1,140,0,30,1
1903,板2:0273:30_0_10_1_140_0_40_1,train,板2.xlsx,double_crack_1mm,double_crack,8,30,0,10,1,140,0,40,1
1904,板2:0274:30_0_10_1_140_0_50_1,train,板2.xlsx,double_crack_1mm,double_crack,8,30,0,10,1,140,0,50,1
1905,板2:0275:30_0_20_1_100_0_10_1,train,板2.xlsx,double_crack_1mm,double_crack,8,30,0,20,1,100,0,10,1
1906,板2:0276:30_0_20_1_100_0_20_1,validation,板2.xlsx,double_crack_1mm,double_crack,8,30,0,20,1,100,0,20,1
1907,板2:0277:30_0_20_1_100_0_30_1,train,板2.xlsx,double_crack_1mm,double_crack,8,30,0,20,1,100,0,30,1
1908,板2:0278:30_0_20_1_100_0_40_1,train,板2.xlsx,double_crack_1mm,double_crack,8,30,0,20,1,100,0,40,1
1909,板2:0279:30_0_20_1_100_0_50_1,train,板2.xlsx,double_crack_1mm,double_crack,8,30,0,20,1,100,0,50,1
1910,板2:0280:30_0_20_1_110_0_10_1,train,板2.xlsx,double_crack_1mm,double_crack,8,30,0,20,1,110,0,10,1
1911,板2:0281:30_0_20_1_110_0_20_1,train,板2.xlsx,double_crack_1mm,double_crack,8,30,0,20,1,110,0,20,1
1912,板2:0282:30_0_20_1_110_0_30_1,train,板2.xlsx,double_crack_1mm,double_crack,8,30,0,20,1,110,0,30,1
1913,板2:0283:30_0_20_1_110_0_40_1,train,板2.xlsx,double_crack_1mm,double_crack,8,30,0,20,1,110,0,40,1
1914,板2:0284:30_0_20_1_110_0_50_1,test,板2.xlsx,double_crack_1mm,double_crack,8,30,0,20,1,110,0,50,1
1915,板2:0285:30_0_20_1_120_0_10_1,train,板2.xlsx,double_crack_1mm,double_crack,8,30,0,20,1,120,0,10,1
1916,板2:0286:30_0_20_1_120_0_20_1,validation,板2.xlsx,double_crack_1mm,double_crack,8,30,0,20,1,120,0,20,1
1917,板2:0287:30_0_20_1_120_0_30_1,train,板2.xlsx,double_crack_1mm,double_crack,8,30,0,20,1,120,0,30,1
1918,板2:0288:30_0_20_1_120_0_40_1,test,板2.xlsx,double_crack_1mm,double_crack,8,30,0,20,1,120,0,40,1
1919,板2:0289:30_0_20_1_120_0_50_1,train,板2.xlsx,double_crack_1mm,double_crack,8,30,0,20,1,120,0,50,1
1920,板2:0290:30_0_20_1_130_0_10_1,train,板2.xlsx,double_crack_1mm,double_crack,8,30,0,20,1,130,0,10,1
1921,板2:0291:30_0_20_1_130_0_20_1,train,板2.xlsx,double_crack_1mm,double_crack,8,30,0,20,1,130,0,20,1
1922,板2:0292:30_0_20_1_130_0_30_1,train,板2.xlsx,double_crack_1mm,double_crack,8,30,0,20,1,130,0,30,1
1923,板2:0293:30_0_20_1_130_0_40_1,train,板2.xlsx,double_crack_1mm,double_crack,8,30,0,20,1,130,0,40,1
1924,板2:0294:30_0_20_1_130_0_50_1,train,板2.xlsx,double_crack_1mm,double_crack,8,30,0,20,1,130,0,50,1
1925,板2:0295:30_0_20_1_140_0_10_1,train,板2.xlsx,double_crack_1mm,double_crack,8,30,0,20,1,140,0,10,1
1926,板2:0296:30_0_20_1_140_0_20_1,train,板2.xlsx,double_crack_1mm,double_crack,8,30,0,20,1,140,0,20,1
1927,板2:0297:30_0_20_1_140_0_30_1,train,板2.xlsx,double_crack_1mm,double_crack,8,30,0,20,1,140,0,30,1
1928,板2:0298:30_0_20_1_140_0_40_1,train,板2.xlsx,double_crack_1mm,double_crack,8,30,0,20,1,140,0,40,1
1929,板2:0299:30_0_20_1_140_0_50_1,train,板2.xlsx,double_crack_1mm,double_crack,8,30,0,20,1,140,0,50,1
1930,板2:0300:30_0_30_1_100_0_10_1,train,板2.xlsx,double_crack_1mm,double_crack,8,30,0,30,1,100,0,10,1
1931,板2:0301:30_0_30_1_100_0_20_1,test,板2.xlsx,double_crack_1mm,double_crack,8,30,0,30,1,100,0,20,1
1932,板2:0302:30_0_30_1_100_0_30_1,train,板2.xlsx,double_crack_1mm,double_crack,8,30,0,30,1,100,0,30,1
1933,板2:0303:30_0_30_1_100_0_40_1,train,板2.xlsx,double_crack_1mm,double_crack,8,30,0,30,1,100,0,40,1
1934,板2:0304:30_0_30_1_100_0_50_1,train,板2.xlsx,double_crack_1mm,double_crack,8,30,0,30,1,100,0,50,1
1935,板2:0305:30_0_30_1_110_0_10_1,train,板2.xlsx,double_crack_1mm,double_crack,8,30,0,30,1,110,0,10,1
1936,板2:0306:30_0_30_1_110_0_20_1,train,板2.xlsx,double_crack_1mm,double_crack,8,30,0,30,1,110,0,20,1
1937,板2:0307:30_0_30_1_110_0_30_1,train,板2.xlsx,double_crack_1mm,double_crack,8,30,0,30,1,110,0,30,1
1938,板2:0308:30_0_30_1_110_0_40_1,validation,板2.xlsx,double_crack_1mm,double_crack,8,30,0,30,1,110,0,40,1
1939,板2:0309:30_0_30_1_110_0_50_1,train,板2.xlsx,double_crack_1mm,double_crack,8,30,0,30,1,110,0,50,1
1940,板2:0310:30_0_30_1_120_0_10_1,train,板2.xlsx,double_crack_1mm,double_crack,8,30,0,30,1,120,0,10,1
1941,板2:0311:30_0_30_1_120_0_20_1,train,板2.xlsx,double_crack_1mm,double_crack,8,30,0,30,1,120,0,20,1
1942,板2:0312:30_0_30_1_120_0_30_1,test,板2.xlsx,double_crack_1mm,double_crack,8,30,0,30,1,120,0,30,1
1943,板2:0313:30_0_30_1_120_0_40_1,train,板2.xlsx,double_crack_1mm,double_crack,8,30,0,30,1,120,0,40,1
1944,板2:0314:30_0_30_1_120_0_50_1,train,板2.xlsx,double_crack_1mm,double_crack,8,30,0,30,1,120,0,50,1
1945,板2:0315:30_0_30_1_130_0_10_1,train,板2.xlsx,double_crack_1mm,double_crack,8,30,0,30,1,130,0,10,1
1946,板2:0316:30_0_30_1_130_0_20_1,train,板2.xlsx,double_crack_1mm,double_crack,8,30,0,30,1,130,0,20,1
1947,板2:0317:30_0_30_1_130_0_30_1,train,板2.xlsx,double_crack_1mm,double_crack,8,30,0,30,1,130,0,30,1
1948,板2:0318:30_0_30_1_130_0_40_1,train,板2.xlsx,double_crack_1mm,double_crack,8,30,0,30,1,130,0,40,1
1949,板2:0319:30_0_30_1_130_0_50_1,train,板2.xlsx,double_crack_1mm,double_crack,8,30,0,30,1,130,0,50,1
1950,板2:0320:30_0_30_1_140_0_10_1,train,板2.xlsx,double_crack_1mm,double_crack,8,30,0,30,1,140,0,10,1
1951,板2:0321:30_0_30_1_140_0_20_1,train,板2.xlsx,double_crack_1mm,double_crack,8,30,0,30,1,140,0,20,1
1952,板2:0322:30_0_30_1_140_0_30_1,train,板2.xlsx,double_crack_1mm,double_crack,8,30,0,30,1,140,0,30,1
1953,板2:0323:30_0_30_1_140_0_40_1,test,板2.xlsx,double_crack_1mm,double_crack,8,30,0,30,1,140,0,40,1
1954,板2:0324:30_0_30_1_140_0_50_1,train,板2.xlsx,double_crack_1mm,double_crack,8,30,0,30,1,140,0,50,1
1955,板2:0325:30_0_40_1_100_0_10_1,train,板2.xlsx,double_crack_1mm,double_crack,8,30,0,40,1,100,0,10,1
1956,板2:0326:30_0_40_1_100_0_20_1,train,板2.xlsx,double_crack_1mm,double_crack,8,30,0,40,1,100,0,20,1
1957,板2:0327:30_0_40_1_100_0_30_1,train,板2.xlsx,double_crack_1mm,double_crack,8,30,0,40,1,100,0,30,1
1958,板2:0328:30_0_40_1_100_0_40_1,train,板2.xlsx,double_crack_1mm,double_crack,8,30,0,40,1,100,0,40,1
1959,板2:0329:30_0_40_1_100_0_50_1,train,板2.xlsx,double_crack_1mm,double_crack,8,30,0,40,1,100,0,50,1
1960,板2:0330:30_0_40_1_110_0_10_1,train,板2.xlsx,double_crack_1mm,double_crack,8,30,0,40,1,110,0,10,1
1961,板2:0331:30_0_40_1_110_0_20_1,train,板2.xlsx,double_crack_1mm,double_crack,8,30,0,40,1,110,0,20,1
1962,板2:0332:30_0_40_1_110_0_30_1,train,板2.xlsx,double_crack_1mm,double_crack,8,30,0,40,1,110,0,30,1
1963,板2:0333:30_0_40_1_110_0_40_1,train,板2.xlsx,double_crack_1mm,double_crack,8,30,0,40,1,110,0,40,1
1964,板2:0334:30_0_40_1_110_0_50_1,train,板2.xlsx,double_crack_1mm,double_crack,8,30,0,40,1,110,0,50,1
1965,板2:0335:30_0_40_1_120_0_10_1,train,板2.xlsx,double_crack_1mm,double_crack,8,30,0,40,1,120,0,10,1
1966,板2:0336:30_0_40_1_120_0_20_1,train,板2.xlsx,double_crack_1mm,double_crack,8,30,0,40,1,120,0,20,1
1967,板2:0337:30_0_40_1_120_0_30_1,train,板2.xlsx,double_crack_1mm,double_crack,8,30,0,40,1,120,0,30,1
1968,板2:0338:30_0_40_1_120_0_40_1,train,板2.xlsx,double_crack_1mm,double_crack,8,30,0,40,1,120,0,40,1
1969,板2:0339:30_0_40_1_120_0_50_1,train,板2.xlsx,double_crack_1mm,double_crack,8,30,0,40,1,120,0,50,1
1970,板2:0340:30_0_40_1_130_0_10_1,train,板2.xlsx,double_crack_1mm,double_crack,8,30,0,40,1,130,0,10,1
1971,板2:0341:30_0_40_1_130_0_20_1,train,板2.xlsx,double_crack_1mm,double_crack,8,30,0,40,1,130,0,20,1
1972,板2:0342:30_0_40_1_130_0_30_1,train,板2.xlsx,double_crack_1mm,double_crack,8,30,0,40,1,130,0,30,1
1973,板2:0343:30_0_40_1_130_0_40_1,train,板2.xlsx,double_crack_1mm,double_crack,8,30,0,40,1,130,0,40,1
1974,板2:0344:30_0_40_1_130_0_50_1,train,板2.xlsx,double_crack_1mm,double_crack,8,30,0,40,1,130,0,50,1
1975,板2:0345:30_0_40_1_140_0_10_1,test,板2.xlsx,double_crack_1mm,double_crack,8,30,0,40,1,140,0,10,1
1976,板2:0346:30_0_40_1_140_0_20_1,test,板2.xlsx,double_crack_1mm,double_crack,8,30,0,40,1,140,0,20,1
1977,板2:0347:30_0_40_1_140_0_30_1,train,板2.xlsx,double_crack_1mm,double_crack,8,30,0,40,1,140,0,30,1
1978,板2:0348:30_0_40_1_140_0_40_1,train,板2.xlsx,double_crack_1mm,double_crack,8,30,0,40,1,140,0,40,1
1979,板2:0349:30_0_40_1_140_0_50_1,validation,板2.xlsx,double_crack_1mm,double_crack,8,30,0,40,1,140,0,50,1
1980,板2:0350:30_0_50_1_100_0_10_1,train,板2.xlsx,double_crack_1mm,double_crack,8,30,0,50,1,100,0,10,1
1981,板2:0351:30_0_50_1_100_0_20_1,train,板2.xlsx,double_crack_1mm,double_crack,8,30,0,50,1,100,0,20,1
1982,板2:0352:30_0_50_1_100_0_30_1,train,板2.xlsx,double_crack_1mm,double_crack,8,30,0,50,1,100,0,30,1
1983,板2:0353:30_0_50_1_100_0_40_1,train,板2.xlsx,double_crack_1mm,double_crack,8,30,0,50,1,100,0,40,1
1984,板2:0354:30_0_50_1_100_0_50_1,train,板2.xlsx,double_crack_1mm,double_crack,8,30,0,50,1,100,0,50,1
1985,板2:0355:30_0_50_1_110_0_10_1,test,板2.xlsx,double_crack_1mm,double_crack,8,30,0,50,1,110,0,10,1
1986,板2:0356:30_0_50_1_110_0_20_1,train,板2.xlsx,double_crack_1mm,double_crack,8,30,0,50,1,110,0,20,1
1987,板2:0357:30_0_50_1_110_0_30_1,train,板2.xlsx,double_crack_1mm,double_crack,8,30,0,50,1,110,0,30,1
1988,板2:0358:30_0_50_1_110_0_40_1,train,板2.xlsx,double_crack_1mm,double_crack,8,30,0,50,1,110,0,40,1
1989,板2:0359:30_0_50_1_110_0_50_1,train,板2.xlsx,double_crack_1mm,double_crack,8,30,0,50,1,110,0,50,1
1990,板2:0360:30_0_50_1_120_0_10_1,train,板2.xlsx,double_crack_1mm,double_crack,8,30,0,50,1,120,0,10,1
1991,板2:0361:30_0_50_1_120_0_20_1,train,板2.xlsx,double_crack_1mm,double_crack,8,30,0,50,1,120,0,20,1
1992,板2:0362:30_0_50_1_120_0_30_1,test,板2.xlsx,double_crack_1mm,double_crack,8,30,0,50,1,120,0,30,1
1993,板2:0363:30_0_50_1_120_0_40_1,train,板2.xlsx,double_crack_1mm,double_crack,8,30,0,50,1,120,0,40,1
1994,板2:0364:30_0_50_1_120_0_50_1,train,板2.xlsx,double_crack_1mm,double_crack,8,30,0,50,1,120,0,50,1
1995,板2:0365:30_0_50_1_130_0_10_1,validation,板2.xlsx,double_crack_1mm,double_crack,8,30,0,50,1,130,0,10,1
1996,板2:0366:30_0_50_1_130_0_20_1,train,板2.xlsx,double_crack_1mm,double_crack,8,30,0,50,1,130,0,20,1
1997,板2:0367:30_0_50_1_130_0_30_1,train,板2.xlsx,double_crack_1mm,double_crack,8,30,0,50,1,130,0,30,1
1998,板2:0368:30_0_50_1_130_0_40_1,train,板2.xlsx,double_crack_1mm,double_crack,8,30,0,50,1,130,0,40,1
1999,板2:0369:30_0_50_1_130_0_50_1,train,板2.xlsx,double_crack_1mm,double_crack,8,30,0,50,1,130,0,50,1
2000,板2:0370:30_0_50_1_140_0_10_1,test,板2.xlsx,double_crack_1mm,double_crack,8,30,0,50,1,140,0,10,1
2001,板2:0371:30_0_50_1_140_0_20_1,train,板2.xlsx,double_crack_1mm,double_crack,8,30,0,50,1,140,0,20,1
2002,板2:0372:30_0_50_1_140_0_30_1,train,板2.xlsx,double_crack_1mm,double_crack,8,30,0,50,1,140,0,30,1
2003,板2:0373:30_0_50_1_140_0_40_1,train,板2.xlsx,double_crack_1mm,double_crack,8,30,0,50,1,140,0,40,1
2004,板2:0374:30_0_50_1_140_0_50_1,train,板2.xlsx,double_crack_1mm,double_crack,8,30,0,50,1,140,0,50,1
2005,板2:0375:40_0_10_1_100_0_10_1,train,板2.xlsx,double_crack_1mm,double_crack,8,40,0,10,1,100,0,10,1
2006,板2:0376:40_0_10_1_100_0_20_1,train,板2.xlsx,double_crack_1mm,double_crack,8,40,0,10,1,100,0,20,1
2007,板2:0377:40_0_10_1_100_0_30_1,train,板2.xlsx,double_crack_1mm,double_crack,8,40,0,10,1,100,0,30,1
2008,板2:0378:40_0_10_1_100_0_40_1,train,板2.xlsx,double_crack_1mm,double_crack,8,40,0,10,1,100,0,40,1
2009,板2:0379:40_0_10_1_100_0_50_1,train,板2.xlsx,double_crack_1mm,double_crack,8,40,0,10,1,100,0,50,1
2010,板2:0380:40_0_10_1_110_0_10_1,train,板2.xlsx,double_crack_1mm,double_crack,8,40,0,10,1,110,0,10,1
2011,板2:0381:40_0_10_1_110_0_20_1,train,板2.xlsx,double_crack_1mm,double_crack,8,40,0,10,1,110,0,20,1
2012,板2:0382:40_0_10_1_110_0_30_1,train,板2.xlsx,double_crack_1mm,double_crack,8,40,0,10,1,110,0,30,1
2013,板2:0383:40_0_10_1_110_0_40_1,train,板2.xlsx,double_crack_1mm,double_crack,8,40,0,10,1,110,0,40,1
2014,板2:0384:40_0_10_1_110_0_50_1,train,板2.xlsx,double_crack_1mm,double_crack,8,40,0,10,1,110,0,50,1
2015,板2:0385:40_0_10_1_120_0_10_1,test,板2.xlsx,double_crack_1mm,double_crack,8,40,0,10,1,120,0,10,1
2016,板2:0386:40_0_10_1_120_0_20_1,train,板2.xlsx,double_crack_1mm,double_crack,8,40,0,10,1,120,0,20,1
2017,板2:0387:40_0_10_1_120_0_30_1,train,板2.xlsx,double_crack_1mm,double_crack,8,40,0,10,1,120,0,30,1
2018,板2:0388:40_0_10_1_120_0_40_1,train,板2.xlsx,double_crack_1mm,double_crack,8,40,0,10,1,120,0,40,1
2019,板2:0389:40_0_10_1_120_0_50_1,train,板2.xlsx,double_crack_1mm,double_crack,8,40,0,10,1,120,0,50,1
2020,板2:0390:40_0_10_1_130_0_10_1,test,板2.xlsx,double_crack_1mm,double_crack,8,40,0,10,1,130,0,10,1
2021,板2:0391:40_0_10_1_130_0_20_1,train,板2.xlsx,double_crack_1mm,double_crack,8,40,0,10,1,130,0,20,1
2022,板2:0392:40_0_10_1_130_0_30_1,train,板2.xlsx,double_crack_1mm,double_crack,8,40,0,10,1,130,0,30,1
2023,板2:0393:40_0_10_1_130_0_40_1,train,板2.xlsx,double_crack_1mm,double_crack,8,40,0,10,1,130,0,40,1
2024,板2:0394:40_0_10_1_130_0_50_1,train,板2.xlsx,double_crack_1mm,double_crack,8,40,0,10,1,130,0,50,1
2025,板2:0395:40_0_10_1_140_0_10_1,test,板2.xlsx,double_crack_1mm,double_crack,8,40,0,10,1,140,0,10,1
2026,板2:0396:40_0_10_1_140_0_20_1,validation,板2.xlsx,double_crack_1mm,double_crack,8,40,0,10,1,140,0,20,1
2027,板2:0397:40_0_10_1_140_0_30_1,train,板2.xlsx,double_crack_1mm,double_crack,8,40,0,10,1,140,0,30,1
2028,板2:0398:40_0_10_1_140_0_40_1,train,板2.xlsx,double_crack_1mm,double_crack,8,40,0,10,1,140,0,40,1
2029,板2:0399:40_0_10_1_140_0_50_1,train,板2.xlsx,double_crack_1mm,double_crack,8,40,0,10,1,140,0,50,1
2030,板2:0400:40_0_20_1_100_0_10_1,train,板2.xlsx,double_crack_1mm,double_crack,8,40,0,20,1,100,0,10,1
2031,板2:0401:40_0_20_1_100_0_20_1,train,板2.xlsx,double_crack_1mm,double_crack,8,40,0,20,1,100,0,20,1
2032,板2:0402:40_0_20_1_100_0_30_1,train,板2.xlsx,double_crack_1mm,double_crack,8,40,0,20,1,100,0,30,1
2033,板2:0403:40_0_20_1_100_0_40_1,train,板2.xlsx,double_crack_1mm,double_crack,8,40,0,20,1,100,0,40,1
2034,板2:0404:40_0_20_1_100_0_50_1,train,板2.xlsx,double_crack_1mm,double_crack,8,40,0,20,1,100,0,50,1
2035,板2:0405:40_0_20_1_110_0_10_1,validation,板2.xlsx,double_crack_1mm,double_crack,8,40,0,20,1,110,0,10,1
2036,板2:0406:40_0_20_1_110_0_20_1,train,板2.xlsx,double_crack_1mm,double_crack,8,40,0,20,1,110,0,20,1
2037,板2:0407:40_0_20_1_110_0_30_1,validation,板2.xlsx,double_crack_1mm,double_crack,8,40,0,20,1,110,0,30,1
2038,板2:0408:40_0_20_1_110_0_40_1,train,板2.xlsx,double_crack_1mm,double_crack,8,40,0,20,1,110,0,40,1
2039,板2:0409:40_0_20_1_110_0_50_1,train,板2.xlsx,double_crack_1mm,double_crack,8,40,0,20,1,110,0,50,1
2040,板2:0410:40_0_20_1_120_0_10_1,train,板2.xlsx,double_crack_1mm,double_crack,8,40,0,20,1,120,0,10,1
2041,板2:0411:40_0_20_1_120_0_20_1,train,板2.xlsx,double_crack_1mm,double_crack,8,40,0,20,1,120,0,20,1
2042,板2:0412:40_0_20_1_120_0_30_1,train,板2.xlsx,double_crack_1mm,double_crack,8,40,0,20,1,120,0,30,1
2043,板2:0413:40_0_20_1_120_0_40_1,train,板2.xlsx,double_crack_1mm,double_crack,8,40,0,20,1,120,0,40,1
2044,板2:0414:40_0_20_1_120_0_50_1,train,板2.xlsx,double_crack_1mm,double_crack,8,40,0,20,1,120,0,50,1
2045,板2:0415:40_0_20_1_130_0_10_1,train,板2.xlsx,double_crack_1mm,double_crack,8,40,0,20,1,130,0,10,1
2046,板2:0416:40_0_20_1_130_0_20_1,train,板2.xlsx,double_crack_1mm,double_crack,8,40,0,20,1,130,0,20,1
2047,板2:0417:40_0_20_1_130_0_30_1,test,板2.xlsx,double_crack_1mm,double_crack,8,40,0,20,1,130,0,30,1
2048,板2:0418:40_0_20_1_130_0_40_1,train,板2.xlsx,double_crack_1mm,double_crack,8,40,0,20,1,130,0,40,1
2049,板2:0419:40_0_20_1_130_0_50_1,test,板2.xlsx,double_crack_1mm,double_crack,8,40,0,20,1,130,0,50,1
2050,板2:0420:40_0_20_1_140_0_10_1,train,板2.xlsx,double_crack_1mm,double_crack,8,40,0,20,1,140,0,10,1
2051,板2:0421:40_0_20_1_140_0_20_1,test,板2.xlsx,double_crack_1mm,double_crack,8,40,0,20,1,140,0,20,1
2052,板2:0422:40_0_20_1_140_0_30_1,train,板2.xlsx,double_crack_1mm,double_crack,8,40,0,20,1,140,0,30,1
2053,板2:0423:40_0_20_1_140_0_40_1,validation,板2.xlsx,double_crack_1mm,double_crack,8,40,0,20,1,140,0,40,1
2054,板2:0424:40_0_20_1_140_0_50_1,train,板2.xlsx,double_crack_1mm,double_crack,8,40,0,20,1,140,0,50,1
2055,板2:0425:40_0_30_1_100_0_10_1,train,板2.xlsx,double_crack_1mm,double_crack,8,40,0,30,1,100,0,10,1
2056,板2:0426:40_0_30_1_100_0_20_1,train,板2.xlsx,double_crack_1mm,double_crack,8,40,0,30,1,100,0,20,1
2057,板2:0427:40_0_30_1_100_0_30_1,train,板2.xlsx,double_crack_1mm,double_crack,8,40,0,30,1,100,0,30,1
2058,板2:0428:40_0_30_1_100_0_40_1,train,板2.xlsx,double_crack_1mm,double_crack,8,40,0,30,1,100,0,40,1
2059,板2:0429:40_0_30_1_100_0_50_1,train,板2.xlsx,double_crack_1mm,double_crack,8,40,0,30,1,100,0,50,1
2060,板2:0430:40_0_30_1_110_0_10_1,train,板2.xlsx,double_crack_1mm,double_crack,8,40,0,30,1,110,0,10,1
2061,板2:0431:40_0_30_1_110_0_20_1,validation,板2.xlsx,double_crack_1mm,double_crack,8,40,0,30,1,110,0,20,1
2062,板2:0432:40_0_30_1_110_0_30_1,train,板2.xlsx,double_crack_1mm,double_crack,8,40,0,30,1,110,0,30,1
2063,板2:0433:40_0_30_1_110_0_40_1,train,板2.xlsx,double_crack_1mm,double_crack,8,40,0,30,1,110,0,40,1
2064,板2:0434:40_0_30_1_110_0_50_1,train,板2.xlsx,double_crack_1mm,double_crack,8,40,0,30,1,110,0,50,1
2065,板2:0435:40_0_30_1_120_0_10_1,validation,板2.xlsx,double_crack_1mm,double_crack,8,40,0,30,1,120,0,10,1
2066,板2:0436:40_0_30_1_120_0_20_1,validation,板2.xlsx,double_crack_1mm,double_crack,8,40,0,30,1,120,0,20,1
2067,板2:0437:40_0_30_1_120_0_30_1,train,板2.xlsx,double_crack_1mm,double_crack,8,40,0,30,1,120,0,30,1
2068,板2:0438:40_0_30_1_120_0_40_1,train,板2.xlsx,double_crack_1mm,double_crack,8,40,0,30,1,120,0,40,1
2069,板2:0439:40_0_30_1_120_0_50_1,train,板2.xlsx,double_crack_1mm,double_crack,8,40,0,30,1,120,0,50,1
2070,板2:0440:40_0_30_1_130_0_10_1,train,板2.xlsx,double_crack_1mm,double_crack,8,40,0,30,1,130,0,10,1
2071,板2:0441:40_0_30_1_130_0_20_1,train,板2.xlsx,double_crack_1mm,double_crack,8,40,0,30,1,130,0,20,1
2072,板2:0442:40_0_30_1_130_0_30_1,train,板2.xlsx,double_crack_1mm,double_crack,8,40,0,30,1,130,0,30,1
2073,板2:0443:40_0_30_1_130_0_40_1,train,板2.xlsx,double_crack_1mm,double_crack,8,40,0,30,1,130,0,40,1
2074,板2:0444:40_0_30_1_130_0_50_1,train,板2.xlsx,double_crack_1mm,double_crack,8,40,0,30,1,130,0,50,1
2075,板2:0445:40_0_30_1_140_0_10_1,train,板2.xlsx,double_crack_1mm,double_crack,8,40,0,30,1,140,0,10,1
2076,板2:0446:40_0_30_1_140_0_20_1,train,板2.xlsx,double_crack_1mm,double_crack,8,40,0,30,1,140,0,20,1
2077,板2:0447:40_0_30_1_140_0_30_1,validation,板2.xlsx,double_crack_1mm,double_crack,8,40,0,30,1,140,0,30,1
2078,板2:0448:40_0_30_1_140_0_40_1,train,板2.xlsx,double_crack_1mm,double_crack,8,40,0,30,1,140,0,40,1
2079,板2:0449:40_0_30_1_140_0_50_1,train,板2.xlsx,double_crack_1mm,double_crack,8,40,0,30,1,140,0,50,1
2080,板2:0450:40_0_40_1_100_0_10_1,train,板2.xlsx,double_crack_1mm,double_crack,8,40,0,40,1,100,0,10,1
2081,板2:0451:40_0_40_1_100_0_20_1,train,板2.xlsx,double_crack_1mm,double_crack,8,40,0,40,1,100,0,20,1
2082,板2:0452:40_0_40_1_100_0_30_1,train,板2.xlsx,double_crack_1mm,double_crack,8,40,0,40,1,100,0,30,1
2083,板2:0453:40_0_40_1_100_0_40_1,train,板2.xlsx,double_crack_1mm,double_crack,8,40,0,40,1,100,0,40,1
2084,板2:0454:40_0_40_1_100_0_50_1,train,板2.xlsx,double_crack_1mm,double_crack,8,40,0,40,1,100,0,50,1
2085,板2:0455:40_0_40_1_110_0_10_1,train,板2.xlsx,double_crack_1mm,double_crack,8,40,0,40,1,110,0,10,1
2086,板2:0456:40_0_40_1_110_0_20_1,train,板2.xlsx,double_crack_1mm,double_crack,8,40,0,40,1,110,0,20,1
2087,板2:0457:40_0_40_1_110_0_30_1,train,板2.xlsx,double_crack_1mm,double_crack,8,40,0,40,1,110,0,30,1
2088,板2:0458:40_0_40_1_110_0_40_1,train,板2.xlsx,double_crack_1mm,double_crack,8,40,0,40,1,110,0,40,1
2089,板2:0459:40_0_40_1_110_0_50_1,train,板2.xlsx,double_crack_1mm,double_crack,8,40,0,40,1,110,0,50,1
2090,板2:0460:40_0_40_1_120_0_10_1,train,板2.xlsx,double_crack_1mm,double_crack,8,40,0,40,1,120,0,10,1
2091,板2:0461:40_0_40_1_120_0_20_1,validation,板2.xlsx,double_crack_1mm,double_crack,8,40,0,40,1,120,0,20,1
2092,板2:0462:40_0_40_1_120_0_30_1,train,板2.xlsx,double_crack_1mm,double_crack,8,40,0,40,1,120,0,30,1
2093,板2:0463:40_0_40_1_120_0_40_1,train,板2.xlsx,double_crack_1mm,double_crack,8,40,0,40,1,120,0,40,1
2094,板2:0464:40_0_40_1_120_0_50_1,train,板2.xlsx,double_crack_1mm,double_crack,8,40,0,40,1,120,0,50,1
2095,板2:0465:40_0_40_1_130_0_10_1,train,板2.xlsx,double_crack_1mm,double_crack,8,40,0,40,1,130,0,10,1
2096,板2:0466:40_0_40_1_130_0_20_1,train,板2.xlsx,double_crack_1mm,double_crack,8,40,0,40,1,130,0,20,1
2097,板2:0467:40_0_40_1_130_0_30_1,train,板2.xlsx,double_crack_1mm,double_crack,8,40,0,40,1,130,0,30,1
2098,板2:0468:40_0_40_1_130_0_40_1,validation,板2.xlsx,double_crack_1mm,double_crack,8,40,0,40,1,130,0,40,1
2099,板2:0469:40_0_40_1_130_0_50_1,train,板2.xlsx,double_crack_1mm,double_crack,8,40,0,40,1,130,0,50,1
2100,板2:0470:40_0_40_1_140_0_10_1,train,板2.xlsx,double_crack_1mm,double_crack,8,40,0,40,1,140,0,10,1
2101,板2:0471:40_0_40_1_140_0_20_1,train,板2.xlsx,double_crack_1mm,double_crack,8,40,0,40,1,140,0,20,1
2102,板2:0472:40_0_40_1_140_0_30_1,train,板2.xlsx,double_crack_1mm,double_crack,8,40,0,40,1,140,0,30,1
2103,板2:0473:40_0_40_1_140_0_40_1,train,板2.xlsx,double_crack_1mm,double_crack,8,40,0,40,1,140,0,40,1
2104,板2:0474:40_0_40_1_140_0_50_1,test,板2.xlsx,double_crack_1mm,double_crack,8,40,0,40,1,140,0,50,1
2105,板2:0475:40_0_50_1_100_0_10_1,train,板2.xlsx,double_crack_1mm,double_crack,8,40,0,50,1,100,0,10,1
2106,板2:0476:40_0_50_1_100_0_20_1,train,板2.xlsx,double_crack_1mm,double_crack,8,40,0,50,1,100,0,20,1
2107,板2:0477:40_0_50_1_100_0_30_1,test,板2.xlsx,double_crack_1mm,double_crack,8,40,0,50,1,100,0,30,1
2108,板2:0478:40_0_50_1_100_0_40_1,train,板2.xlsx,double_crack_1mm,double_crack,8,40,0,50,1,100,0,40,1
2109,板2:0479:40_0_50_1_100_0_50_1,validation,板2.xlsx,double_crack_1mm,double_crack,8,40,0,50,1,100,0,50,1
2110,板2:0480:40_0_50_1_110_0_10_1,train,板2.xlsx,double_crack_1mm,double_crack,8,40,0,50,1,110,0,10,1
2111,板2:0481:40_0_50_1_110_0_20_1,validation,板2.xlsx,double_crack_1mm,double_crack,8,40,0,50,1,110,0,20,1
2112,板2:0482:40_0_50_1_110_0_30_1,validation,板2.xlsx,double_crack_1mm,double_crack,8,40,0,50,1,110,0,30,1
2113,板2:0483:40_0_50_1_110_0_40_1,train,板2.xlsx,double_crack_1mm,double_crack,8,40,0,50,1,110,0,40,1
2114,板2:0484:40_0_50_1_110_0_50_1,train,板2.xlsx,double_crack_1mm,double_crack,8,40,0,50,1,110,0,50,1
2115,板2:0485:40_0_50_1_120_0_10_1,train,板2.xlsx,double_crack_1mm,double_crack,8,40,0,50,1,120,0,10,1
2116,板2:0486:40_0_50_1_120_0_20_1,train,板2.xlsx,double_crack_1mm,double_crack,8,40,0,50,1,120,0,20,1
2117,板2:0487:40_0_50_1_120_0_30_1,validation,板2.xlsx,double_crack_1mm,double_crack,8,40,0,50,1,120,0,30,1
2118,板2:0488:40_0_50_1_120_0_40_1,train,板2.xlsx,double_crack_1mm,double_crack,8,40,0,50,1,120,0,40,1
2119,板2:0489:40_0_50_1_120_0_50_1,train,板2.xlsx,double_crack_1mm,double_crack,8,40,0,50,1,120,0,50,1
2120,板2:0490:40_0_50_1_130_0_10_1,train,板2.xlsx,double_crack_1mm,double_crack,8,40,0,50,1,130,0,10,1
2121,板2:0491:40_0_50_1_130_0_20_1,train,板2.xlsx,double_crack_1mm,double_crack,8,40,0,50,1,130,0,20,1
2122,板2:0492:40_0_50_1_130_0_30_1,train,板2.xlsx,double_crack_1mm,double_crack,8,40,0,50,1,130,0,30,1
2123,板2:0493:40_0_50_1_130_0_40_1,train,板2.xlsx,double_crack_1mm,double_crack,8,40,0,50,1,130,0,40,1
2124,板2:0494:40_0_50_1_130_0_50_1,train,板2.xlsx,double_crack_1mm,double_crack,8,40,0,50,1,130,0,50,1
2125,板2:0495:40_0_50_1_140_0_10_1,train,板2.xlsx,double_crack_1mm,double_crack,8,40,0,50,1,140,0,10,1
2126,板2:0496:40_0_50_1_140_0_20_1,train,板2.xlsx,double_crack_1mm,double_crack,8,40,0,50,1,140,0,20,1
2127,板2:0497:40_0_50_1_140_0_30_1,train,板2.xlsx,double_crack_1mm,double_crack,8,40,0,50,1,140,0,30,1
2128,板2:0498:40_0_50_1_140_0_40_1,train,板2.xlsx,double_crack_1mm,double_crack,8,40,0,50,1,140,0,40,1
2129,板2:0499:40_0_50_1_140_0_50_1,train,板2.xlsx,double_crack_1mm,double_crack,8,40,0,50,1,140,0,50,1
2130,板2:0500:50_0_10_1_100_0_10_1,test,板2.xlsx,double_crack_1mm,double_crack,8,50,0,10,1,100,0,10,1
2131,板2:0501:50_0_10_1_100_0_20_1,train,板2.xlsx,double_crack_1mm,double_crack,8,50,0,10,1,100,0,20,1
2132,板2:0502:50_0_10_1_100_0_30_1,test,板2.xlsx,double_crack_1mm,double_crack,8,50,0,10,1,100,0,30,1
2133,板2:0503:50_0_10_1_100_0_40_1,train,板2.xlsx,double_crack_1mm,double_crack,8,50,0,10,1,100,0,40,1
2134,板2:0504:50_0_10_1_100_0_50_1,train,板2.xlsx,double_crack_1mm,double_crack,8,50,0,10,1,100,0,50,1
2135,板2:0505:50_0_10_1_110_0_10_1,validation,板2.xlsx,double_crack_1mm,double_crack,8,50,0,10,1,110,0,10,1
2136,板2:0506:50_0_10_1_110_0_20_1,train,板2.xlsx,double_crack_1mm,double_crack,8,50,0,10,1,110,0,20,1
2137,板2:0507:50_0_10_1_110_0_30_1,train,板2.xlsx,double_crack_1mm,double_crack,8,50,0,10,1,110,0,30,1
2138,板2:0508:50_0_10_1_110_0_40_1,train,板2.xlsx,double_crack_1mm,double_crack,8,50,0,10,1,110,0,40,1
2139,板2:0509:50_0_10_1_110_0_50_1,train,板2.xlsx,double_crack_1mm,double_crack,8,50,0,10,1,110,0,50,1
2140,板2:0510:50_0_10_1_120_0_10_1,train,板2.xlsx,double_crack_1mm,double_crack,8,50,0,10,1,120,0,10,1
2141,板2:0511:50_0_10_1_120_0_20_1,validation,板2.xlsx,double_crack_1mm,double_crack,8,50,0,10,1,120,0,20,1
2142,板2:0512:50_0_10_1_120_0_30_1,validation,板2.xlsx,double_crack_1mm,double_crack,8,50,0,10,1,120,0,30,1
2143,板2:0513:50_0_10_1_120_0_40_1,train,板2.xlsx,double_crack_1mm,double_crack,8,50,0,10,1,120,0,40,1
2144,板2:0514:50_0_10_1_120_0_50_1,train,板2.xlsx,double_crack_1mm,double_crack,8,50,0,10,1,120,0,50,1
2145,板2:0515:50_0_10_1_130_0_10_1,train,板2.xlsx,double_crack_1mm,double_crack,8,50,0,10,1,130,0,10,1
2146,板2:0516:50_0_10_1_130_0_20_1,test,板2.xlsx,double_crack_1mm,double_crack,8,50,0,10,1,130,0,20,1
2147,板2:0517:50_0_10_1_130_0_30_1,train,板2.xlsx,double_crack_1mm,double_crack,8,50,0,10,1,130,0,30,1
2148,板2:0518:50_0_10_1_130_0_40_1,train,板2.xlsx,double_crack_1mm,double_crack,8,50,0,10,1,130,0,40,1
2149,板2:0519:50_0_10_1_130_0_50_1,train,板2.xlsx,double_crack_1mm,double_crack,8,50,0,10,1,130,0,50,1
2150,板2:0520:50_0_10_1_140_0_10_1,train,板2.xlsx,double_crack_1mm,double_crack,8,50,0,10,1,140,0,10,1
2151,板2:0521:50_0_10_1_140_0_20_1,train,板2.xlsx,double_crack_1mm,double_crack,8,50,0,10,1,140,0,20,1
2152,板2:0522:50_0_10_1_140_0_30_1,train,板2.xlsx,double_crack_1mm,double_crack,8,50,0,10,1,140,0,30,1
2153,板2:0523:50_0_10_1_140_0_40_1,train,板2.xlsx,double_crack_1mm,double_crack,8,50,0,10,1,140,0,40,1
2154,板2:0524:50_0_10_1_140_0_50_1,train,板2.xlsx,double_crack_1mm,double_crack,8,50,0,10,1,140,0,50,1
2155,板2:0525:50_0_20_1_100_0_10_1,train,板2.xlsx,double_crack_1mm,double_crack,8,50,0,20,1,100,0,10,1
2156,板2:0526:50_0_20_1_100_0_20_1,validation,板2.xlsx,double_crack_1mm,double_crack,8,50,0,20,1,100,0,20,1
2157,板2:0527:50_0_20_1_100_0_30_1,train,板2.xlsx,double_crack_1mm,double_crack,8,50,0,20,1,100,0,30,1
2158,板2:0528:50_0_20_1_100_0_40_1,train,板2.xlsx,double_crack_1mm,double_crack,8,50,0,20,1,100,0,40,1
2159,板2:0529:50_0_20_1_100_0_50_1,train,板2.xlsx,double_crack_1mm,double_crack,8,50,0,20,1,100,0,50,1
2160,板2:0530:50_0_20_1_110_0_10_1,train,板2.xlsx,double_crack_1mm,double_crack,8,50,0,20,1,110,0,10,1
2161,板2:0531:50_0_20_1_110_0_20_1,train,板2.xlsx,double_crack_1mm,double_crack,8,50,0,20,1,110,0,20,1
2162,板2:0532:50_0_20_1_110_0_30_1,train,板2.xlsx,double_crack_1mm,double_crack,8,50,0,20,1,110,0,30,1
2163,板2:0533:50_0_20_1_110_0_40_1,train,板2.xlsx,double_crack_1mm,double_crack,8,50,0,20,1,110,0,40,1
2164,板2:0534:50_0_20_1_110_0_50_1,train,板2.xlsx,double_crack_1mm,double_crack,8,50,0,20,1,110,0,50,1
2165,板2:0535:50_0_20_1_120_0_10_1,train,板2.xlsx,double_crack_1mm,double_crack,8,50,0,20,1,120,0,10,1
2166,板2:0536:50_0_20_1_120_0_20_1,test,板2.xlsx,double_crack_1mm,double_crack,8,50,0,20,1,120,0,20,1
2167,板2:0537:50_0_20_1_120_0_30_1,train,板2.xlsx,double_crack_1mm,double_crack,8,50,0,20,1,120,0,30,1
2168,板2:0538:50_0_20_1_120_0_40_1,validation,板2.xlsx,double_crack_1mm,double_crack,8,50,0,20,1,120,0,40,1
2169,板2:0539:50_0_20_1_120_0_50_1,train,板2.xlsx,double_crack_1mm,double_crack,8,50,0,20,1,120,0,50,1
2170,板2:0540:50_0_20_1_130_0_10_1,train,板2.xlsx,double_crack_1mm,double_crack,8,50,0,20,1,130,0,10,1
2171,板2:0541:50_0_20_1_130_0_20_1,train,板2.xlsx,double_crack_1mm,double_crack,8,50,0,20,1,130,0,20,1
2172,板2:0542:50_0_20_1_130_0_30_1,train,板2.xlsx,double_crack_1mm,double_crack,8,50,0,20,1,130,0,30,1
2173,板2:0543:50_0_20_1_130_0_40_1,train,板2.xlsx,double_crack_1mm,double_crack,8,50,0,20,1,130,0,40,1
2174,板2:0544:50_0_20_1_130_0_50_1,train,板2.xlsx,double_crack_1mm,double_crack,8,50,0,20,1,130,0,50,1
2175,板2:0545:50_0_20_1_140_0_10_1,train,板2.xlsx,double_crack_1mm,double_crack,8,50,0,20,1,140,0,10,1
2176,板2:0546:50_0_20_1_140_0_20_1,train,板2.xlsx,double_crack_1mm,double_crack,8,50,0,20,1,140,0,20,1
2177,板2:0547:50_0_20_1_140_0_30_1,train,板2.xlsx,double_crack_1mm,double_crack,8,50,0,20,1,140,0,30,1
2178,板2:0548:50_0_20_1_140_0_40_1,train,板2.xlsx,double_crack_1mm,double_crack,8,50,0,20,1,140,0,40,1
2179,板2:0549:50_0_20_1_140_0_50_1,test,板2.xlsx,double_crack_1mm,double_crack,8,50,0,20,1,140,0,50,1
2180,板2:0550:50_0_30_1_100_0_10_1,train,板2.xlsx,double_crack_1mm,double_crack,8,50,0,30,1,100,0,10,1
2181,板2:0551:50_0_30_1_100_0_20_1,train,板2.xlsx,double_crack_1mm,double_crack,8,50,0,30,1,100,0,20,1
2182,板2:0552:50_0_30_1_100_0_30_1,train,板2.xlsx,double_crack_1mm,double_crack,8,50,0,30,1,100,0,30,1
2183,板2:0553:50_0_30_1_100_0_40_1,test,板2.xlsx,double_crack_1mm,double_crack,8,50,0,30,1,100,0,40,1
2184,板2:0554:50_0_30_1_100_0_50_1,train,板2.xlsx,double_crack_1mm,double_crack,8,50,0,30,1,100,0,50,1
2185,板2:0555:50_0_30_1_110_0_10_1,train,板2.xlsx,double_crack_1mm,double_crack,8,50,0,30,1,110,0,10,1
2186,板2:0556:50_0_30_1_110_0_20_1,train,板2.xlsx,double_crack_1mm,double_crack,8,50,0,30,1,110,0,20,1
2187,板2:0557:50_0_30_1_110_0_30_1,train,板2.xlsx,double_crack_1mm,double_crack,8,50,0,30,1,110,0,30,1
2188,板2:0558:50_0_30_1_110_0_40_1,train,板2.xlsx,double_crack_1mm,double_crack,8,50,0,30,1,110,0,40,1
2189,板2:0559:50_0_30_1_110_0_50_1,train,板2.xlsx,double_crack_1mm,double_crack,8,50,0,30,1,110,0,50,1
2190,板2:0560:50_0_30_1_120_0_10_1,validation,板2.xlsx,double_crack_1mm,double_crack,8,50,0,30,1,120,0,10,1
2191,板2:0561:50_0_30_1_120_0_20_1,validation,板2.xlsx,double_crack_1mm,double_crack,8,50,0,30,1,120,0,20,1
2192,板2:0562:50_0_30_1_120_0_30_1,train,板2.xlsx,double_crack_1mm,double_crack,8,50,0,30,1,120,0,30,1
2193,板2:0563:50_0_30_1_120_0_40_1,train,板2.xlsx,double_crack_1mm,double_crack,8,50,0,30,1,120,0,40,1
2194,板2:0564:50_0_30_1_120_0_50_1,train,板2.xlsx,double_crack_1mm,double_crack,8,50,0,30,1,120,0,50,1
2195,板2:0565:50_0_30_1_130_0_10_1,train,板2.xlsx,double_crack_1mm,double_crack,8,50,0,30,1,130,0,10,1
2196,板2:0566:50_0_30_1_130_0_20_1,test,板2.xlsx,double_crack_1mm,double_crack,8,50,0,30,1,130,0,20,1
2197,板2:0567:50_0_30_1_130_0_30_1,train,板2.xlsx,double_crack_1mm,double_crack,8,50,0,30,1,130,0,30,1
2198,板2:0568:50_0_30_1_130_0_40_1,validation,板2.xlsx,double_crack_1mm,double_crack,8,50,0,30,1,130,0,40,1
2199,板2:0569:50_0_30_1_130_0_50_1,train,板2.xlsx,double_crack_1mm,double_crack,8,50,0,30,1,130,0,50,1
2200,板2:0570:50_0_30_1_140_0_10_1,train,板2.xlsx,double_crack_1mm,double_crack,8,50,0,30,1,140,0,10,1
2201,板2:0571:50_0_30_1_140_0_20_1,train,板2.xlsx,double_crack_1mm,double_crack,8,50,0,30,1,140,0,20,1
2202,板2:0572:50_0_30_1_140_0_30_1,validation,板2.xlsx,double_crack_1mm,double_crack,8,50,0,30,1,140,0,30,1
2203,板2:0573:50_0_30_1_140_0_40_1,train,板2.xlsx,double_crack_1mm,double_crack,8,50,0,30,1,140,0,40,1
2204,板2:0574:50_0_30_1_140_0_50_1,test,板2.xlsx,double_crack_1mm,double_crack,8,50,0,30,1,140,0,50,1
2205,板2:0575:50_0_40_1_100_0_10_1,train,板2.xlsx,double_crack_1mm,double_crack,8,50,0,40,1,100,0,10,1
2206,板2:0576:50_0_40_1_100_0_20_1,train,板2.xlsx,double_crack_1mm,double_crack,8,50,0,40,1,100,0,20,1
2207,板2:0577:50_0_40_1_100_0_30_1,train,板2.xlsx,double_crack_1mm,double_crack,8,50,0,40,1,100,0,30,1
2208,板2:0578:50_0_40_1_100_0_40_1,test,板2.xlsx,double_crack_1mm,double_crack,8,50,0,40,1,100,0,40,1
2209,板2:0579:50_0_40_1_100_0_50_1,train,板2.xlsx,double_crack_1mm,double_crack,8,50,0,40,1,100,0,50,1
2210,板2:0580:50_0_40_1_110_0_10_1,validation,板2.xlsx,double_crack_1mm,double_crack,8,50,0,40,1,110,0,10,1
2211,板2:0581:50_0_40_1_110_0_20_1,train,板2.xlsx,double_crack_1mm,double_crack,8,50,0,40,1,110,0,20,1
2212,板2:0582:50_0_40_1_110_0_30_1,train,板2.xlsx,double_crack_1mm,double_crack,8,50,0,40,1,110,0,30,1
2213,板2:0583:50_0_40_1_110_0_40_1,validation,板2.xlsx,double_crack_1mm,double_crack,8,50,0,40,1,110,0,40,1
2214,板2:0584:50_0_40_1_110_0_50_1,train,板2.xlsx,double_crack_1mm,double_crack,8,50,0,40,1,110,0,50,1
2215,板2:0585:50_0_40_1_120_0_10_1,train,板2.xlsx,double_crack_1mm,double_crack,8,50,0,40,1,120,0,10,1
2216,板2:0586:50_0_40_1_120_0_20_1,train,板2.xlsx,double_crack_1mm,double_crack,8,50,0,40,1,120,0,20,1
2217,板2:0587:50_0_40_1_120_0_30_1,validation,板2.xlsx,double_crack_1mm,double_crack,8,50,0,40,1,120,0,30,1
2218,板2:0588:50_0_40_1_120_0_40_1,train,板2.xlsx,double_crack_1mm,double_crack,8,50,0,40,1,120,0,40,1
2219,板2:0589:50_0_40_1_120_0_50_1,validation,板2.xlsx,double_crack_1mm,double_crack,8,50,0,40,1,120,0,50,1
2220,板2:0590:50_0_40_1_130_0_10_1,train,板2.xlsx,double_crack_1mm,double_crack,8,50,0,40,1,130,0,10,1
2221,板2:0591:50_0_40_1_130_0_20_1,train,板2.xlsx,double_crack_1mm,double_crack,8,50,0,40,1,130,0,20,1
2222,板2:0592:50_0_40_1_130_0_30_1,train,板2.xlsx,double_crack_1mm,double_crack,8,50,0,40,1,130,0,30,1
2223,板2:0593:50_0_40_1_130_0_40_1,train,板2.xlsx,double_crack_1mm,double_crack,8,50,0,40,1,130,0,40,1
2224,板2:0594:50_0_40_1_130_0_50_1,train,板2.xlsx,double_crack_1mm,double_crack,8,50,0,40,1,130,0,50,1
2225,板2:0595:50_0_40_1_140_0_10_1,train,板2.xlsx,double_crack_1mm,double_crack,8,50,0,40,1,140,0,10,1
2226,板2:0596:50_0_40_1_140_0_20_1,train,板2.xlsx,double_crack_1mm,double_crack,8,50,0,40,1,140,0,20,1
2227,板2:0597:50_0_40_1_140_0_30_1,test,板2.xlsx,double_crack_1mm,double_crack,8,50,0,40,1,140,0,30,1
2228,板2:0598:50_0_40_1_140_0_40_1,validation,板2.xlsx,double_crack_1mm,double_crack,8,50,0,40,1,140,0,40,1
2229,板2:0599:50_0_40_1_140_0_50_1,train,板2.xlsx,double_crack_1mm,double_crack,8,50,0,40,1,140,0,50,1
2230,板2:0600:50_0_50_1_100_0_10_1,train,板2.xlsx,double_crack_1mm,double_crack,8,50,0,50,1,100,0,10,1
2231,板2:0601:50_0_50_1_100_0_20_1,train,板2.xlsx,double_crack_1mm,double_crack,8,50,0,50,1,100,0,20,1
2232,板2:0602:50_0_50_1_100_0_30_1,train,板2.xlsx,double_crack_1mm,double_crack,8,50,0,50,1,100,0,30,1
2233,板2:0603:50_0_50_1_100_0_40_1,test,板2.xlsx,double_crack_1mm,double_crack,8,50,0,50,1,100,0,40,1
2234,板2:0604:50_0_50_1_100_0_50_1,train,板2.xlsx,double_crack_1mm,double_crack,8,50,0,50,1,100,0,50,1
2235,板2:0605:50_0_50_1_110_0_10_1,train,板2.xlsx,double_crack_1mm,double_crack,8,50,0,50,1,110,0,10,1
2236,板2:0606:50_0_50_1_110_0_20_1,train,板2.xlsx,double_crack_1mm,double_crack,8,50,0,50,1,110,0,20,1
2237,板2:0607:50_0_50_1_110_0_30_1,train,板2.xlsx,double_crack_1mm,double_crack,8,50,0,50,1,110,0,30,1
2238,板2:0608:50_0_50_1_110_0_40_1,train,板2.xlsx,double_crack_1mm,double_crack,8,50,0,50,1,110,0,40,1
2239,板2:0609:50_0_50_1_110_0_50_1,train,板2.xlsx,double_crack_1mm,double_crack,8,50,0,50,1,110,0,50,1
2240,板2:0610:50_0_50_1_120_0_10_1,validation,板2.xlsx,double_crack_1mm,double_crack,8,50,0,50,1,120,0,10,1
2241,板2:0611:50_0_50_1_120_0_20_1,train,板2.xlsx,double_crack_1mm,double_crack,8,50,0,50,1,120,0,20,1
2242,板2:0612:50_0_50_1_120_0_30_1,validation,板2.xlsx,double_crack_1mm,double_crack,8,50,0,50,1,120,0,30,1
2243,板2:0613:50_0_50_1_120_0_40_1,train,板2.xlsx,double_crack_1mm,double_crack,8,50,0,50,1,120,0,40,1
2244,板2:0614:50_0_50_1_120_0_50_1,train,板2.xlsx,double_crack_1mm,double_crack,8,50,0,50,1,120,0,50,1
2245,板2:0615:50_0_50_1_130_0_10_1,train,板2.xlsx,double_crack_1mm,double_crack,8,50,0,50,1,130,0,10,1
2246,板2:0616:50_0_50_1_130_0_20_1,train,板2.xlsx,double_crack_1mm,double_crack,8,50,0,50,1,130,0,20,1
2247,板2:0617:50_0_50_1_130_0_30_1,train,板2.xlsx,double_crack_1mm,double_crack,8,50,0,50,1,130,0,30,1
2248,板2:0618:50_0_50_1_130_0_40_1,validation,板2.xlsx,double_crack_1mm,double_crack,8,50,0,50,1,130,0,40,1
2249,板2:0619:50_0_50_1_130_0_50_1,validation,板2.xlsx,double_crack_1mm,double_crack,8,50,0,50,1,130,0,50,1
2250,板2:0620:50_0_50_1_140_0_10_1,validation,板2.xlsx,double_crack_1mm,double_crack,8,50,0,50,1,140,0,10,1
2251,板2:0621:50_0_50_1_140_0_20_1,validation,板2.xlsx,double_crack_1mm,double_crack,8,50,0,50,1,140,0,20,1
2252,板2:0622:50_0_50_1_140_0_30_1,train,板2.xlsx,double_crack_1mm,double_crack,8,50,0,50,1,140,0,30,1
2253,板2:0623:50_0_50_1_140_0_40_1,train,板2.xlsx,double_crack_1mm,double_crack,8,50,0,50,1,140,0,40,1
2254,板2:0624:50_0_50_1_140_0_50_1,train,板2.xlsx,double_crack_1mm,double_crack,8,50,0,50,1,140,0,50,1
2255,板2:0625:60_0_10_1_100_0_10_1,train,板2.xlsx,double_crack_1mm,double_crack,8,60,0,10,1,100,0,10,1
2256,板2:0626:60_0_10_1_100_0_20_1,test,板2.xlsx,double_crack_1mm,double_crack,8,60,0,10,1,100,0,20,1
2257,板2:0627:60_0_10_1_100_0_30_1,train,板2.xlsx,double_crack_1mm,double_crack,8,60,0,10,1,100,0,30,1
2258,板2:0628:60_0_10_1_100_0_40_1,train,板2.xlsx,double_crack_1mm,double_crack,8,60,0,10,1,100,0,40,1
2259,板2:0629:60_0_10_1_100_0_50_1,train,板2.xlsx,double_crack_1mm,double_crack,8,60,0,10,1,100,0,50,1
2260,板2:0630:60_0_10_1_110_0_10_1,train,板2.xlsx,double_crack_1mm,double_crack,8,60,0,10,1,110,0,10,1
2261,板2:0631:60_0_10_1_110_0_20_1,train,板2.xlsx,double_crack_1mm,double_crack,8,60,0,10,1,110,0,20,1
2262,板2:0632:60_0_10_1_110_0_30_1,train,板2.xlsx,double_crack_1mm,double_crack,8,60,0,10,1,110,0,30,1
2263,板2:0633:60_0_10_1_110_0_40_1,train,板2.xlsx,double_crack_1mm,double_crack,8,60,0,10,1,110,0,40,1
2264,板2:0634:60_0_10_1_110_0_50_1,train,板2.xlsx,double_crack_1mm,double_crack,8,60,0,10,1,110,0,50,1
2265,板2:0635:60_0_10_1_120_0_10_1,train,板2.xlsx,double_crack_1mm,double_crack,8,60,0,10,1,120,0,10,1
2266,板2:0636:60_0_10_1_120_0_20_1,train,板2.xlsx,double_crack_1mm,double_crack,8,60,0,10,1,120,0,20,1
2267,板2:0637:60_0_10_1_120_0_30_1,train,板2.xlsx,double_crack_1mm,double_crack,8,60,0,10,1,120,0,30,1
2268,板2:0638:60_0_10_1_120_0_40_1,train,板2.xlsx,double_crack_1mm,double_crack,8,60,0,10,1,120,0,40,1
2269,板2:0639:60_0_10_1_120_0_50_1,test,板2.xlsx,double_crack_1mm,double_crack,8,60,0,10,1,120,0,50,1
2270,板2:0640:60_0_10_1_130_0_10_1,train,板2.xlsx,double_crack_1mm,double_crack,8,60,0,10,1,130,0,10,1
2271,板2:0641:60_0_10_1_130_0_20_1,validation,板2.xlsx,double_crack_1mm,double_crack,8,60,0,10,1,130,0,20,1
2272,板2:0642:60_0_10_1_130_0_30_1,train,板2.xlsx,double_crack_1mm,double_crack,8,60,0,10,1,130,0,30,1
2273,板2:0643:60_0_10_1_130_0_40_1,train,板2.xlsx,double_crack_1mm,double_crack,8,60,0,10,1,130,0,40,1
2274,板2:0644:60_0_10_1_130_0_50_1,train,板2.xlsx,double_crack_1mm,double_crack,8,60,0,10,1,130,0,50,1
2275,板2:0645:60_0_10_1_140_0_10_1,train,板2.xlsx,double_crack_1mm,double_crack,8,60,0,10,1,140,0,10,1
2276,板2:0646:60_0_10_1_140_0_20_1,train,板2.xlsx,double_crack_1mm,double_crack,8,60,0,10,1,140,0,20,1
2277,板2:0647:60_0_10_1_140_0_30_1,train,板2.xlsx,double_crack_1mm,double_crack,8,60,0,10,1,140,0,30,1
2278,板2:0648:60_0_10_1_140_0_40_1,validation,板2.xlsx,double_crack_1mm,double_crack,8,60,0,10,1,140,0,40,1
2279,板2:0649:60_0_10_1_140_0_50_1,train,板2.xlsx,double_crack_1mm,double_crack,8,60,0,10,1,140,0,50,1
2280,板2:0650:60_0_20_1_100_0_10_1,train,板2.xlsx,double_crack_1mm,double_crack,8,60,0,20,1,100,0,10,1
2281,板2:0651:60_0_20_1_100_0_20_1,train,板2.xlsx,double_crack_1mm,double_crack,8,60,0,20,1,100,0,20,1
2282,板2:0652:60_0_20_1_100_0_30_1,train,板2.xlsx,double_crack_1mm,double_crack,8,60,0,20,1,100,0,30,1
2283,板2:0653:60_0_20_1_100_0_40_1,train,板2.xlsx,double_crack_1mm,double_crack,8,60,0,20,1,100,0,40,1
2284,板2:0654:60_0_20_1_100_0_50_1,train,板2.xlsx,double_crack_1mm,double_crack,8,60,0,20,1,100,0,50,1
2285,板2:0655:60_0_20_1_110_0_10_1,train,板2.xlsx,double_crack_1mm,double_crack,8,60,0,20,1,110,0,10,1
2286,板2:0656:60_0_20_1_110_0_20_1,train,板2.xlsx,double_crack_1mm,double_crack,8,60,0,20,1,110,0,20,1
2287,板2:0657:60_0_20_1_110_0_30_1,train,板2.xlsx,double_crack_1mm,double_crack,8,60,0,20,1,110,0,30,1
2288,板2:0658:60_0_20_1_110_0_40_1,train,板2.xlsx,double_crack_1mm,double_crack,8,60,0,20,1,110,0,40,1
2289,板2:0659:60_0_20_1_110_0_50_1,train,板2.xlsx,double_crack_1mm,double_crack,8,60,0,20,1,110,0,50,1
2290,板2:0660:60_0_20_1_120_0_10_1,test,板2.xlsx,double_crack_1mm,double_crack,8,60,0,20,1,120,0,10,1
2291,板2:0661:60_0_20_1_120_0_20_1,train,板2.xlsx,double_crack_1mm,double_crack,8,60,0,20,1,120,0,20,1
2292,板2:0662:60_0_20_1_120_0_30_1,train,板2.xlsx,double_crack_1mm,double_crack,8,60,0,20,1,120,0,30,1
2293,板2:0663:60_0_20_1_120_0_40_1,test,板2.xlsx,double_crack_1mm,double_crack,8,60,0,20,1,120,0,40,1
2294,板2:0664:60_0_20_1_120_0_50_1,test,板2.xlsx,double_crack_1mm,double_crack,8,60,0,20,1,120,0,50,1
2295,板2:0665:60_0_20_1_130_0_10_1,train,板2.xlsx,double_crack_1mm,double_crack,8,60,0,20,1,130,0,10,1
2296,板2:0666:60_0_20_1_130_0_20_1,train,板2.xlsx,double_crack_1mm,double_crack,8,60,0,20,1,130,0,20,1
2297,板2:0667:60_0_20_1_130_0_30_1,train,板2.xlsx,double_crack_1mm,double_crack,8,60,0,20,1,130,0,30,1
2298,板2:0668:60_0_20_1_130_0_40_1,train,板2.xlsx,double_crack_1mm,double_crack,8,60,0,20,1,130,0,40,1
2299,板2:0669:60_0_20_1_130_0_50_1,train,板2.xlsx,double_crack_1mm,double_crack,8,60,0,20,1,130,0,50,1
2300,板2:0670:60_0_20_1_140_0_10_1,train,板2.xlsx,double_crack_1mm,double_crack,8,60,0,20,1,140,0,10,1
2301,板2:0671:60_0_20_1_140_0_20_1,train,板2.xlsx,double_crack_1mm,double_crack,8,60,0,20,1,140,0,20,1
2302,板2:0672:60_0_20_1_140_0_30_1,train,板2.xlsx,double_crack_1mm,double_crack,8,60,0,20,1,140,0,30,1
2303,板2:0673:60_0_20_1_140_0_40_1,train,板2.xlsx,double_crack_1mm,double_crack,8,60,0,20,1,140,0,40,1
2304,板2:0674:60_0_20_1_140_0_50_1,validation,板2.xlsx,double_crack_1mm,double_crack,8,60,0,20,1,140,0,50,1
2305,板2:0675:60_0_30_1_100_0_10_1,train,板2.xlsx,double_crack_1mm,double_crack,8,60,0,30,1,100,0,10,1
2306,板2:0676:60_0_30_1_100_0_20_1,validation,板2.xlsx,double_crack_1mm,double_crack,8,60,0,30,1,100,0,20,1
2307,板2:0677:60_0_30_1_100_0_30_1,train,板2.xlsx,double_crack_1mm,double_crack,8,60,0,30,1,100,0,30,1
2308,板2:0678:60_0_30_1_100_0_40_1,train,板2.xlsx,double_crack_1mm,double_crack,8,60,0,30,1,100,0,40,1
2309,板2:0679:60_0_30_1_100_0_50_1,train,板2.xlsx,double_crack_1mm,double_crack,8,60,0,30,1,100,0,50,1
2310,板2:0680:60_0_30_1_110_0_10_1,train,板2.xlsx,double_crack_1mm,double_crack,8,60,0,30,1,110,0,10,1
2311,板2:0681:60_0_30_1_110_0_20_1,train,板2.xlsx,double_crack_1mm,double_crack,8,60,0,30,1,110,0,20,1
2312,板2:0682:60_0_30_1_110_0_30_1,test,板2.xlsx,double_crack_1mm,double_crack,8,60,0,30,1,110,0,30,1
2313,板2:0683:60_0_30_1_110_0_40_1,train,板2.xlsx,double_crack_1mm,double_crack,8,60,0,30,1,110,0,40,1
2314,板2:0684:60_0_30_1_110_0_50_1,train,板2.xlsx,double_crack_1mm,double_crack,8,60,0,30,1,110,0,50,1
2315,板2:0685:60_0_30_1_120_0_10_1,train,板2.xlsx,double_crack_1mm,double_crack,8,60,0,30,1,120,0,10,1
2316,板2:0686:60_0_30_1_120_0_20_1,train,板2.xlsx,double_crack_1mm,double_crack,8,60,0,30,1,120,0,20,1
2317,板2:0687:60_0_30_1_120_0_30_1,validation,板2.xlsx,double_crack_1mm,double_crack,8,60,0,30,1,120,0,30,1
2318,板2:0688:60_0_30_1_120_0_40_1,train,板2.xlsx,double_crack_1mm,double_crack,8,60,0,30,1,120,0,40,1
2319,板2:0689:60_0_30_1_120_0_50_1,train,板2.xlsx,double_crack_1mm,double_crack,8,60,0,30,1,120,0,50,1
2320,板2:0690:60_0_30_1_130_0_10_1,train,板2.xlsx,double_crack_1mm,double_crack,8,60,0,30,1,130,0,10,1
2321,板2:0691:60_0_30_1_130_0_20_1,train,板2.xlsx,double_crack_1mm,double_crack,8,60,0,30,1,130,0,20,1
2322,板2:0692:60_0_30_1_130_0_30_1,train,板2.xlsx,double_crack_1mm,double_crack,8,60,0,30,1,130,0,30,1
2323,板2:0693:60_0_30_1_130_0_40_1,train,板2.xlsx,double_crack_1mm,double_crack,8,60,0,30,1,130,0,40,1
2324,板2:0694:60_0_30_1_130_0_50_1,validation,板2.xlsx,double_crack_1mm,double_crack,8,60,0,30,1,130,0,50,1
2325,板2:0695:60_0_30_1_140_0_10_1,validation,板2.xlsx,double_crack_1mm,double_crack,8,60,0,30,1,140,0,10,1
2326,板2:0696:60_0_30_1_140_0_20_1,validation,板2.xlsx,double_crack_1mm,double_crack,8,60,0,30,1,140,0,20,1
2327,板2:0697:60_0_30_1_140_0_30_1,train,板2.xlsx,double_crack_1mm,double_crack,8,60,0,30,1,140,0,30,1
2328,板2:0698:60_0_30_1_140_0_40_1,train,板2.xlsx,double_crack_1mm,double_crack,8,60,0,30,1,140,0,40,1
2329,板2:0699:60_0_30_1_140_0_50_1,train,板2.xlsx,double_crack_1mm,double_crack,8,60,0,30,1,140,0,50,1
2330,板2:0700:60_0_40_1_100_0_10_1,train,板2.xlsx,double_crack_1mm,double_crack,8,60,0,40,1,100,0,10,1
2331,板2:0701:60_0_40_1_100_0_20_1,train,板2.xlsx,double_crack_1mm,double_crack,8,60,0,40,1,100,0,20,1
2332,板2:0702:60_0_40_1_100_0_30_1,train,板2.xlsx,double_crack_1mm,double_crack,8,60,0,40,1,100,0,30,1
2333,板2:0703:60_0_40_1_100_0_40_1,train,板2.xlsx,double_crack_1mm,double_crack,8,60,0,40,1,100,0,40,1
2334,板2:0704:60_0_40_1_100_0_50_1,validation,板2.xlsx,double_crack_1mm,double_crack,8,60,0,40,1,100,0,50,1
2335,板2:0705:60_0_40_1_110_0_10_1,train,板2.xlsx,double_crack_1mm,double_crack,8,60,0,40,1,110,0,10,1
2336,板2:0706:60_0_40_1_110_0_20_1,train,板2.xlsx,double_crack_1mm,double_crack,8,60,0,40,1,110,0,20,1
2337,板2:0707:60_0_40_1_110_0_30_1,train,板2.xlsx,double_crack_1mm,double_crack,8,60,0,40,1,110,0,30,1
2338,板2:0708:60_0_40_1_110_0_40_1,train,板2.xlsx,double_crack_1mm,double_crack,8,60,0,40,1,110,0,40,1
2339,板2:0709:60_0_40_1_110_0_50_1,test,板2.xlsx,double_crack_1mm,double_crack,8,60,0,40,1,110,0,50,1
2340,板2:0710:60_0_40_1_120_0_10_1,train,板2.xlsx,double_crack_1mm,double_crack,8,60,0,40,1,120,0,10,1
2341,板2:0711:60_0_40_1_120_0_20_1,test,板2.xlsx,double_crack_1mm,double_crack,8,60,0,40,1,120,0,20,1
2342,板2:0712:60_0_40_1_120_0_30_1,train,板2.xlsx,double_crack_1mm,double_crack,8,60,0,40,1,120,0,30,1
2343,板2:0713:60_0_40_1_120_0_40_1,train,板2.xlsx,double_crack_1mm,double_crack,8,60,0,40,1,120,0,40,1
2344,板2:0714:60_0_40_1_120_0_50_1,train,板2.xlsx,double_crack_1mm,double_crack,8,60,0,40,1,120,0,50,1
2345,板2:0715:60_0_40_1_130_0_10_1,train,板2.xlsx,double_crack_1mm,double_crack,8,60,0,40,1,130,0,10,1
2346,板2:0716:60_0_40_1_130_0_20_1,train,板2.xlsx,double_crack_1mm,double_crack,8,60,0,40,1,130,0,20,1
2347,板2:0717:60_0_40_1_130_0_30_1,train,板2.xlsx,double_crack_1mm,double_crack,8,60,0,40,1,130,0,30,1
2348,板2:0718:60_0_40_1_130_0_40_1,train,板2.xlsx,double_crack_1mm,double_crack,8,60,0,40,1,130,0,40,1
2349,板2:0719:60_0_40_1_130_0_50_1,train,板2.xlsx,double_crack_1mm,double_crack,8,60,0,40,1,130,0,50,1
2350,板2:0720:60_0_40_1_140_0_10_1,train,板2.xlsx,double_crack_1mm,double_crack,8,60,0,40,1,140,0,10,1
2351,板2:0721:60_0_40_1_140_0_20_1,validation,板2.xlsx,double_crack_1mm,double_crack,8,60,0,40,1,140,0,20,1
2352,板2:0722:60_0_40_1_140_0_30_1,train,板2.xlsx,double_crack_1mm,double_crack,8,60,0,40,1,140,0,30,1
2353,板2:0723:60_0_40_1_140_0_40_1,train,板2.xlsx,double_crack_1mm,double_crack,8,60,0,40,1,140,0,40,1
2354,板2:0724:60_0_40_1_140_0_50_1,train,板2.xlsx,double_crack_1mm,double_crack,8,60,0,40,1,140,0,50,1
2355,板2:0725:60_0_50_1_100_0_10_1,train,板2.xlsx,double_crack_1mm,double_crack,8,60,0,50,1,100,0,10,1
2356,板2:0726:60_0_50_1_100_0_20_1,train,板2.xlsx,double_crack_1mm,double_crack,8,60,0,50,1,100,0,20,1
2357,板2:0727:60_0_50_1_100_0_30_1,validation,板2.xlsx,double_crack_1mm,double_crack,8,60,0,50,1,100,0,30,1
2358,板2:0728:60_0_50_1_100_0_40_1,validation,板2.xlsx,double_crack_1mm,double_crack,8,60,0,50,1,100,0,40,1
2359,板2:0729:60_0_50_1_100_0_50_1,validation,板2.xlsx,double_crack_1mm,double_crack,8,60,0,50,1,100,0,50,1
2360,板2:0730:60_0_50_1_110_0_10_1,train,板2.xlsx,double_crack_1mm,double_crack,8,60,0,50,1,110,0,10,1
2361,板2:0731:60_0_50_1_110_0_20_1,train,板2.xlsx,double_crack_1mm,double_crack,8,60,0,50,1,110,0,20,1
2362,板2:0732:60_0_50_1_110_0_30_1,train,板2.xlsx,double_crack_1mm,double_crack,8,60,0,50,1,110,0,30,1
2363,板2:0733:60_0_50_1_110_0_40_1,validation,板2.xlsx,double_crack_1mm,double_crack,8,60,0,50,1,110,0,40,1
2364,板2:0734:60_0_50_1_110_0_50_1,train,板2.xlsx,double_crack_1mm,double_crack,8,60,0,50,1,110,0,50,1
2365,板2:0735:60_0_50_1_120_0_10_1,validation,板2.xlsx,double_crack_1mm,double_crack,8,60,0,50,1,120,0,10,1
2366,板2:0736:60_0_50_1_120_0_20_1,train,板2.xlsx,double_crack_1mm,double_crack,8,60,0,50,1,120,0,20,1
2367,板2:0737:60_0_50_1_120_0_30_1,train,板2.xlsx,double_crack_1mm,double_crack,8,60,0,50,1,120,0,30,1
2368,板2:0738:60_0_50_1_120_0_40_1,train,板2.xlsx,double_crack_1mm,double_crack,8,60,0,50,1,120,0,40,1
2369,板2:0739:60_0_50_1_120_0_50_1,train,板2.xlsx,double_crack_1mm,double_crack,8,60,0,50,1,120,0,50,1
2370,板2:0740:60_0_50_1_130_0_10_1,train,板2.xlsx,double_crack_1mm,double_crack,8,60,0,50,1,130,0,10,1
2371,板2:0741:60_0_50_1_130_0_20_1,train,板2.xlsx,double_crack_1mm,double_crack,8,60,0,50,1,130,0,20,1
2372,板2:0742:60_0_50_1_130_0_30_1,train,板2.xlsx,double_crack_1mm,double_crack,8,60,0,50,1,130,0,30,1
2373,板2:0743:60_0_50_1_130_0_40_1,train,板2.xlsx,double_crack_1mm,double_crack,8,60,0,50,1,130,0,40,1
2374,板2:0744:60_0_50_1_130_0_50_1,train,板2.xlsx,double_crack_1mm,double_crack,8,60,0,50,1,130,0,50,1
2375,板2:0745:60_0_50_1_140_0_10_1,validation,板2.xlsx,double_crack_1mm,double_crack,8,60,0,50,1,140,0,10,1
2376,板2:0746:60_0_50_1_140_0_20_1,train,板2.xlsx,double_crack_1mm,double_crack,8,60,0,50,1,140,0,20,1
2377,板2:0747:60_0_50_1_140_0_30_1,train,板2.xlsx,double_crack_1mm,double_crack,8,60,0,50,1,140,0,30,1
2378,板2:0748:60_0_50_1_140_0_40_1,train,板2.xlsx,double_crack_1mm,double_crack,8,60,0,50,1,140,0,40,1
2379,板2:0749:60_0_50_1_140_0_50_1,train,板2.xlsx,double_crack_1mm,double_crack,8,60,0,50,1,140,0,50,1
2380,板2:0750:70_0_10_1_100_0_10_1,train,板2.xlsx,double_crack_1mm,double_crack,8,70,0,10,1,100,0,10,1
2381,板2:0751:70_0_10_1_100_0_20_1,train,板2.xlsx,double_crack_1mm,double_crack,8,70,0,10,1,100,0,20,1
2382,板2:0752:70_0_10_1_100_0_30_1,train,板2.xlsx,double_crack_1mm,double_crack,8,70,0,10,1,100,0,30,1
2383,板2:0753:70_0_10_1_100_0_40_1,train,板2.xlsx,double_crack_1mm,double_crack,8,70,0,10,1,100,0,40,1
2384,板2:0754:70_0_10_1_100_0_50_1,test,板2.xlsx,double_crack_1mm,double_crack,8,70,0,10,1,100,0,50,1
2385,板2:0755:70_0_10_1_110_0_10_1,train,板2.xlsx,double_crack_1mm,double_crack,8,70,0,10,1,110,0,10,1
2386,板2:0756:70_0_10_1_110_0_20_1,train,板2.xlsx,double_crack_1mm,double_crack,8,70,0,10,1,110,0,20,1
2387,板2:0757:70_0_10_1_110_0_30_1,train,板2.xlsx,double_crack_1mm,double_crack,8,70,0,10,1,110,0,30,1
2388,板2:0758:70_0_10_1_110_0_40_1,train,板2.xlsx,double_crack_1mm,double_crack,8,70,0,10,1,110,0,40,1
2389,板2:0759:70_0_10_1_110_0_50_1,train,板2.xlsx,double_crack_1mm,double_crack,8,70,0,10,1,110,0,50,1
2390,板2:0760:70_0_10_1_120_0_10_1,train,板2.xlsx,double_crack_1mm,double_crack,8,70,0,10,1,120,0,10,1
2391,板2:0761:70_0_10_1_120_0_20_1,train,板2.xlsx,double_crack_1mm,double_crack,8,70,0,10,1,120,0,20,1
2392,板2:0762:70_0_10_1_120_0_30_1,test,板2.xlsx,double_crack_1mm,double_crack,8,70,0,10,1,120,0,30,1
2393,板2:0763:70_0_10_1_120_0_40_1,train,板2.xlsx,double_crack_1mm,double_crack,8,70,0,10,1,120,0,40,1
2394,板2:0764:70_0_10_1_120_0_50_1,train,板2.xlsx,double_crack_1mm,double_crack,8,70,0,10,1,120,0,50,1
2395,板2:0765:70_0_10_1_130_0_10_1,validation,板2.xlsx,double_crack_1mm,double_crack,8,70,0,10,1,130,0,10,1
2396,板2:0766:70_0_10_1_130_0_20_1,train,板2.xlsx,double_crack_1mm,double_crack,8,70,0,10,1,130,0,20,1
2397,板2:0767:70_0_10_1_130_0_30_1,train,板2.xlsx,double_crack_1mm,double_crack,8,70,0,10,1,130,0,30,1
2398,板2:0768:70_0_10_1_130_0_40_1,train,板2.xlsx,double_crack_1mm,double_crack,8,70,0,10,1,130,0,40,1
2399,板2:0769:70_0_10_1_130_0_50_1,train,板2.xlsx,double_crack_1mm,double_crack,8,70,0,10,1,130,0,50,1
2400,板2:0770:70_0_10_1_140_0_10_1,train,板2.xlsx,double_crack_1mm,double_crack,8,70,0,10,1,140,0,10,1
2401,板2:0771:70_0_10_1_140_0_20_1,train,板2.xlsx,double_crack_1mm,double_crack,8,70,0,10,1,140,0,20,1
2402,板2:0772:70_0_10_1_140_0_30_1,train,板2.xlsx,double_crack_1mm,double_crack,8,70,0,10,1,140,0,30,1
2403,板2:0773:70_0_10_1_140_0_40_1,train,板2.xlsx,double_crack_1mm,double_crack,8,70,0,10,1,140,0,40,1
2404,板2:0774:70_0_10_1_140_0_50_1,train,板2.xlsx,double_crack_1mm,double_crack,8,70,0,10,1,140,0,50,1
2405,板2:0775:70_0_20_1_100_0_10_1,train,板2.xlsx,double_crack_1mm,double_crack,8,70,0,20,1,100,0,10,1
2406,板2:0776:70_0_20_1_100_0_20_1,train,板2.xlsx,double_crack_1mm,double_crack,8,70,0,20,1,100,0,20,1
2407,板2:0777:70_0_20_1_100_0_30_1,train,板2.xlsx,double_crack_1mm,double_crack,8,70,0,20,1,100,0,30,1
2408,板2:0778:70_0_20_1_100_0_40_1,test,板2.xlsx,double_crack_1mm,double_crack,8,70,0,20,1,100,0,40,1
2409,板2:0779:70_0_20_1_100_0_50_1,train,板2.xlsx,double_crack_1mm,double_crack,8,70,0,20,1,100,0,50,1
2410,板2:0780:70_0_20_1_110_0_10_1,train,板2.xlsx,double_crack_1mm,double_crack,8,70,0,20,1,110,0,10,1
2411,板2:0781:70_0_20_1_110_0_20_1,train,板2.xlsx,double_crack_1mm,double_crack,8,70,0,20,1,110,0,20,1
2412,板2:0782:70_0_20_1_110_0_30_1,train,板2.xlsx,double_crack_1mm,double_crack,8,70,0,20,1,110,0,30,1
2413,板2:0783:70_0_20_1_110_0_40_1,train,板2.xlsx,double_crack_1mm,double_crack,8,70,0,20,1,110,0,40,1
2414,板2:0784:70_0_20_1_110_0_50_1,train,板2.xlsx,double_crack_1mm,double_crack,8,70,0,20,1,110,0,50,1
2415,板2:0785:70_0_20_1_120_0_10_1,train,板2.xlsx,double_crack_1mm,double_crack,8,70,0,20,1,120,0,10,1
2416,板2:0786:70_0_20_1_120_0_20_1,train,板2.xlsx,double_crack_1mm,double_crack,8,70,0,20,1,120,0,20,1
2417,板2:0787:70_0_20_1_120_0_30_1,train,板2.xlsx,double_crack_1mm,double_crack,8,70,0,20,1,120,0,30,1
2418,板2:0788:70_0_20_1_120_0_40_1,validation,板2.xlsx,double_crack_1mm,double_crack,8,70,0,20,1,120,0,40,1
2419,板2:0789:70_0_20_1_120_0_50_1,train,板2.xlsx,double_crack_1mm,double_crack,8,70,0,20,1,120,0,50,1
2420,板2:0790:70_0_20_1_130_0_10_1,train,板2.xlsx,double_crack_1mm,double_crack,8,70,0,20,1,130,0,10,1
2421,板2:0791:70_0_20_1_130_0_20_1,train,板2.xlsx,double_crack_1mm,double_crack,8,70,0,20,1,130,0,20,1
2422,板2:0792:70_0_20_1_130_0_30_1,train,板2.xlsx,double_crack_1mm,double_crack,8,70,0,20,1,130,0,30,1
2423,板2:0793:70_0_20_1_130_0_40_1,test,板2.xlsx,double_crack_1mm,double_crack,8,70,0,20,1,130,0,40,1
2424,板2:0794:70_0_20_1_130_0_50_1,train,板2.xlsx,double_crack_1mm,double_crack,8,70,0,20,1,130,0,50,1
2425,板2:0795:70_0_20_1_140_0_10_1,train,板2.xlsx,double_crack_1mm,double_crack,8,70,0,20,1,140,0,10,1
2426,板2:0796:70_0_20_1_140_0_20_1,train,板2.xlsx,double_crack_1mm,double_crack,8,70,0,20,1,140,0,20,1
2427,板2:0797:70_0_20_1_140_0_30_1,train,板2.xlsx,double_crack_1mm,double_crack,8,70,0,20,1,140,0,30,1
2428,板2:0798:70_0_20_1_140_0_40_1,train,板2.xlsx,double_crack_1mm,double_crack,8,70,0,20,1,140,0,40,1
2429,板2:0799:70_0_20_1_140_0_50_1,test,板2.xlsx,double_crack_1mm,double_crack,8,70,0,20,1,140,0,50,1
2430,板2:0800:70_0_30_1_100_0_10_1,train,板2.xlsx,double_crack_1mm,double_crack,8,70,0,30,1,100,0,10,1
2431,板2:0801:70_0_30_1_100_0_20_1,train,板2.xlsx,double_crack_1mm,double_crack,8,70,0,30,1,100,0,20,1
2432,板2:0802:70_0_30_1_100_0_30_1,train,板2.xlsx,double_crack_1mm,double_crack,8,70,0,30,1,100,0,30,1
2433,板2:0803:70_0_30_1_100_0_40_1,train,板2.xlsx,double_crack_1mm,double_crack,8,70,0,30,1,100,0,40,1
2434,板2:0804:70_0_30_1_100_0_50_1,train,板2.xlsx,double_crack_1mm,double_crack,8,70,0,30,1,100,0,50,1
2435,板2:0805:70_0_30_1_110_0_10_1,test,板2.xlsx,double_crack_1mm,double_crack,8,70,0,30,1,110,0,10,1
2436,板2:0806:70_0_30_1_110_0_20_1,train,板2.xlsx,double_crack_1mm,double_crack,8,70,0,30,1,110,0,20,1
2437,板2:0807:70_0_30_1_110_0_30_1,train,板2.xlsx,double_crack_1mm,double_crack,8,70,0,30,1,110,0,30,1
2438,板2:0808:70_0_30_1_110_0_40_1,train,板2.xlsx,double_crack_1mm,double_crack,8,70,0,30,1,110,0,40,1
2439,板2:0809:70_0_30_1_110_0_50_1,train,板2.xlsx,double_crack_1mm,double_crack,8,70,0,30,1,110,0,50,1
2440,板2:0810:70_0_30_1_120_0_10_1,train,板2.xlsx,double_crack_1mm,double_crack,8,70,0,30,1,120,0,10,1
2441,板2:0811:70_0_30_1_120_0_20_1,train,板2.xlsx,double_crack_1mm,double_crack,8,70,0,30,1,120,0,20,1
2442,板2:0812:70_0_30_1_120_0_30_1,train,板2.xlsx,double_crack_1mm,double_crack,8,70,0,30,1,120,0,30,1
2443,板2:0813:70_0_30_1_120_0_40_1,test,板2.xlsx,double_crack_1mm,double_crack,8,70,0,30,1,120,0,40,1
2444,板2:0814:70_0_30_1_120_0_50_1,test,板2.xlsx,double_crack_1mm,double_crack,8,70,0,30,1,120,0,50,1
2445,板2:0815:70_0_30_1_130_0_10_1,train,板2.xlsx,double_crack_1mm,double_crack,8,70,0,30,1,130,0,10,1
2446,板2:0816:70_0_30_1_130_0_20_1,train,板2.xlsx,double_crack_1mm,double_crack,8,70,0,30,1,130,0,20,1
2447,板2:0817:70_0_30_1_130_0_30_1,train,板2.xlsx,double_crack_1mm,double_crack,8,70,0,30,1,130,0,30,1
2448,板2:0818:70_0_30_1_130_0_40_1,train,板2.xlsx,double_crack_1mm,double_crack,8,70,0,30,1,130,0,40,1
2449,板2:0819:70_0_30_1_130_0_50_1,train,板2.xlsx,double_crack_1mm,double_crack,8,70,0,30,1,130,0,50,1
2450,板2:0820:70_0_30_1_140_0_10_1,test,板2.xlsx,double_crack_1mm,double_crack,8,70,0,30,1,140,0,10,1
2451,板2:0821:70_0_30_1_140_0_20_1,train,板2.xlsx,double_crack_1mm,double_crack,8,70,0,30,1,140,0,20,1
2452,板2:0822:70_0_30_1_140_0_30_1,train,板2.xlsx,double_crack_1mm,double_crack,8,70,0,30,1,140,0,30,1
2453,板2:0823:70_0_30_1_140_0_40_1,train,板2.xlsx,double_crack_1mm,double_crack,8,70,0,30,1,140,0,40,1
2454,板2:0824:70_0_30_1_140_0_50_1,test,板2.xlsx,double_crack_1mm,double_crack,8,70,0,30,1,140,0,50,1
2455,板2:0825:70_0_40_1_100_0_10_1,train,板2.xlsx,double_crack_1mm,double_crack,8,70,0,40,1,100,0,10,1
2456,板2:0826:70_0_40_1_100_0_20_1,validation,板2.xlsx,double_crack_1mm,double_crack,8,70,0,40,1,100,0,20,1
2457,板2:0827:70_0_40_1_100_0_30_1,test,板2.xlsx,double_crack_1mm,double_crack,8,70,0,40,1,100,0,30,1
2458,板2:0828:70_0_40_1_100_0_40_1,train,板2.xlsx,double_crack_1mm,double_crack,8,70,0,40,1,100,0,40,1
2459,板2:0829:70_0_40_1_100_0_50_1,train,板2.xlsx,double_crack_1mm,double_crack,8,70,0,40,1,100,0,50,1
2460,板2:0830:70_0_40_1_110_0_10_1,train,板2.xlsx,double_crack_1mm,double_crack,8,70,0,40,1,110,0,10,1
2461,板2:0831:70_0_40_1_110_0_20_1,train,板2.xlsx,double_crack_1mm,double_crack,8,70,0,40,1,110,0,20,1
2462,板2:0832:70_0_40_1_110_0_30_1,train,板2.xlsx,double_crack_1mm,double_crack,8,70,0,40,1,110,0,30,1
2463,板2:0833:70_0_40_1_110_0_40_1,train,板2.xlsx,double_crack_1mm,double_crack,8,70,0,40,1,110,0,40,1
2464,板2:0834:70_0_40_1_110_0_50_1,train,板2.xlsx,double_crack_1mm,double_crack,8,70,0,40,1,110,0,50,1
2465,板2:0835:70_0_40_1_120_0_10_1,validation,板2.xlsx,double_crack_1mm,double_crack,8,70,0,40,1,120,0,10,1
2466,板2:0836:70_0_40_1_120_0_20_1,validation,板2.xlsx,double_crack_1mm,double_crack,8,70,0,40,1,120,0,20,1
2467,板2:0837:70_0_40_1_120_0_30_1,train,板2.xlsx,double_crack_1mm,double_crack,8,70,0,40,1,120,0,30,1
2468,板2:0838:70_0_40_1_120_0_40_1,train,板2.xlsx,double_crack_1mm,double_crack,8,70,0,40,1,120,0,40,1
2469,板2:0839:70_0_40_1_120_0_50_1,train,板2.xlsx,double_crack_1mm,double_crack,8,70,0,40,1,120,0,50,1
2470,板2:0840:70_0_40_1_130_0_10_1,train,板2.xlsx,double_crack_1mm,double_crack,8,70,0,40,1,130,0,10,1
2471,板2:0841:70_0_40_1_130_0_20_1,train,板2.xlsx,double_crack_1mm,double_crack,8,70,0,40,1,130,0,20,1
2472,板2:0842:70_0_40_1_130_0_30_1,train,板2.xlsx,double_crack_1mm,double_crack,8,70,0,40,1,130,0,30,1
2473,板2:0843:70_0_40_1_130_0_40_1,test,板2.xlsx,double_crack_1mm,double_crack,8,70,0,40,1,130,0,40,1
2474,板2:0844:70_0_40_1_130_0_50_1,train,板2.xlsx,double_crack_1mm,double_crack,8,70,0,40,1,130,0,50,1
2475,板2:0845:70_0_40_1_140_0_10_1,train,板2.xlsx,double_crack_1mm,double_crack,8,70,0,40,1,140,0,10,1
2476,板2:0846:70_0_40_1_140_0_20_1,train,板2.xlsx,double_crack_1mm,double_crack,8,70,0,40,1,140,0,20,1
2477,板2:0847:70_0_40_1_140_0_30_1,train,板2.xlsx,double_crack_1mm,double_crack,8,70,0,40,1,140,0,30,1
2478,板2:0848:70_0_40_1_140_0_40_1,train,板2.xlsx,double_crack_1mm,double_crack,8,70,0,40,1,140,0,40,1
2479,板2:0849:70_0_40_1_140_0_50_1,train,板2.xlsx,double_crack_1mm,double_crack,8,70,0,40,1,140,0,50,1
2480,板2:0850:70_0_50_1_100_0_10_1,train,板2.xlsx,double_crack_1mm,double_crack,8,70,0,50,1,100,0,10,1
2481,板2:0851:70_0_50_1_100_0_20_1,train,板2.xlsx,double_crack_1mm,double_crack,8,70,0,50,1,100,0,20,1
2482,板2:0852:70_0_50_1_100_0_30_1,validation,板2.xlsx,double_crack_1mm,double_crack,8,70,0,50,1,100,0,30,1
2483,板2:0853:70_0_50_1_100_0_40_1,train,板2.xlsx,double_crack_1mm,double_crack,8,70,0,50,1,100,0,40,1
2484,板2:0854:70_0_50_1_100_0_50_1,train,板2.xlsx,double_crack_1mm,double_crack,8,70,0,50,1,100,0,50,1
2485,板2:0855:70_0_50_1_110_0_10_1,test,板2.xlsx,double_crack_1mm,double_crack,8,70,0,50,1,110,0,10,1
2486,板2:0856:70_0_50_1_110_0_20_1,train,板2.xlsx,double_crack_1mm,double_crack,8,70,0,50,1,110,0,20,1
2487,板2:0857:70_0_50_1_110_0_30_1,train,板2.xlsx,double_crack_1mm,double_crack,8,70,0,50,1,110,0,30,1
2488,板2:0858:70_0_50_1_110_0_40_1,train,板2.xlsx,double_crack_1mm,double_crack,8,70,0,50,1,110,0,40,1
2489,板2:0859:70_0_50_1_110_0_50_1,train,板2.xlsx,double_crack_1mm,double_crack,8,70,0,50,1,110,0,50,1
2490,板2:0860:70_0_50_1_120_0_10_1,train,板2.xlsx,double_crack_1mm,double_crack,8,70,0,50,1,120,0,10,1
2491,板2:0861:70_0_50_1_120_0_20_1,train,板2.xlsx,double_crack_1mm,double_crack,8,70,0,50,1,120,0,20,1
2492,板2:0862:70_0_50_1_120_0_30_1,validation,板2.xlsx,double_crack_1mm,double_crack,8,70,0,50,1,120,0,30,1
2493,板2:0863:70_0_50_1_120_0_40_1,train,板2.xlsx,double_crack_1mm,double_crack,8,70,0,50,1,120,0,40,1
2494,板2:0864:70_0_50_1_120_0_50_1,test,板2.xlsx,double_crack_1mm,double_crack,8,70,0,50,1,120,0,50,1
2495,板2:0865:70_0_50_1_130_0_10_1,train,板2.xlsx,double_crack_1mm,double_crack,8,70,0,50,1,130,0,10,1
2496,板2:0866:70_0_50_1_130_0_20_1,train,板2.xlsx,double_crack_1mm,double_crack,8,70,0,50,1,130,0,20,1
2497,板2:0867:70_0_50_1_130_0_30_1,train,板2.xlsx,double_crack_1mm,double_crack,8,70,0,50,1,130,0,30,1
2498,板2:0868:70_0_50_1_130_0_40_1,train,板2.xlsx,double_crack_1mm,double_crack,8,70,0,50,1,130,0,40,1
2499,板2:0869:70_0_50_1_130_0_50_1,train,板2.xlsx,double_crack_1mm,double_crack,8,70,0,50,1,130,0,50,1
2500,板2:0870:70_0_50_1_140_0_10_1,train,板2.xlsx,double_crack_1mm,double_crack,8,70,0,50,1,140,0,10,1
2501,板2:0871:70_0_50_1_140_0_20_1,test,板2.xlsx,double_crack_1mm,double_crack,8,70,0,50,1,140,0,20,1
2502,板2:0872:70_0_50_1_140_0_30_1,train,板2.xlsx,double_crack_1mm,double_crack,8,70,0,50,1,140,0,30,1
2503,板2:0873:70_0_50_1_140_0_40_1,train,板2.xlsx,double_crack_1mm,double_crack,8,70,0,50,1,140,0,40,1
2504,板2:0874:70_0_50_1_140_0_50_1,validation,板2.xlsx,double_crack_1mm,double_crack,8,70,0,50,1,140,0,50,1
2505,板2:0875:80_0_10_1_100_0_10_1,test,板2.xlsx,double_crack_1mm,double_crack,8,80,0,10,1,100,0,10,1
2506,板2:0876:80_0_10_1_100_0_20_1,train,板2.xlsx,double_crack_1mm,double_crack,8,80,0,10,1,100,0,20,1
2507,板2:0877:80_0_10_1_100_0_30_1,train,板2.xlsx,double_crack_1mm,double_crack,8,80,0,10,1,100,0,30,1
2508,板2:0878:80_0_10_1_100_0_40_1,validation,板2.xlsx,double_crack_1mm,double_crack,8,80,0,10,1,100,0,40,1
2509,板2:0879:80_0_10_1_100_0_50_1,train,板2.xlsx,double_crack_1mm,double_crack,8,80,0,10,1,100,0,50,1
2510,板2:0880:80_0_10_1_110_0_10_1,train,板2.xlsx,double_crack_1mm,double_crack,8,80,0,10,1,110,0,10,1
2511,板2:0881:80_0_10_1_110_0_20_1,train,板2.xlsx,double_crack_1mm,double_crack,8,80,0,10,1,110,0,20,1
2512,板2:0882:80_0_10_1_110_0_30_1,train,板2.xlsx,double_crack_1mm,double_crack,8,80,0,10,1,110,0,30,1
2513,板2:0883:80_0_10_1_110_0_40_1,train,板2.xlsx,double_crack_1mm,double_crack,8,80,0,10,1,110,0,40,1
2514,板2:0884:80_0_10_1_110_0_50_1,train,板2.xlsx,double_crack_1mm,double_crack,8,80,0,10,1,110,0,50,1
2515,板2:0885:80_0_10_1_120_0_10_1,train,板2.xlsx,double_crack_1mm,double_crack,8,80,0,10,1,120,0,10,1
2516,板2:0886:80_0_10_1_120_0_20_1,train,板2.xlsx,double_crack_1mm,double_crack,8,80,0,10,1,120,0,20,1
2517,板2:0887:80_0_10_1_120_0_30_1,test,板2.xlsx,double_crack_1mm,double_crack,8,80,0,10,1,120,0,30,1
2518,板2:0888:80_0_10_1_120_0_40_1,train,板2.xlsx,double_crack_1mm,double_crack,8,80,0,10,1,120,0,40,1
2519,板2:0889:80_0_10_1_120_0_50_1,train,板2.xlsx,double_crack_1mm,double_crack,8,80,0,10,1,120,0,50,1
2520,板2:0890:80_0_10_1_130_0_10_1,train,板2.xlsx,double_crack_1mm,double_crack,8,80,0,10,1,130,0,10,1
2521,板2:0891:80_0_10_1_130_0_20_1,train,板2.xlsx,double_crack_1mm,double_crack,8,80,0,10,1,130,0,20,1
2522,板2:0892:80_0_10_1_130_0_30_1,train,板2.xlsx,double_crack_1mm,double_crack,8,80,0,10,1,130,0,30,1
2523,板2:0893:80_0_10_1_130_0_40_1,train,板2.xlsx,double_crack_1mm,double_crack,8,80,0,10,1,130,0,40,1
2524,板2:0894:80_0_10_1_130_0_50_1,train,板2.xlsx,double_crack_1mm,double_crack,8,80,0,10,1,130,0,50,1
2525,板2:0895:80_0_10_1_140_0_10_1,validation,板2.xlsx,double_crack_1mm,double_crack,8,80,0,10,1,140,0,10,1
2526,板2:0896:80_0_10_1_140_0_20_1,train,板2.xlsx,double_crack_1mm,double_crack,8,80,0,10,1,140,0,20,1
2527,板2:0897:80_0_10_1_140_0_30_1,train,板2.xlsx,double_crack_1mm,double_crack,8,80,0,10,1,140,0,30,1
2528,板2:0898:80_0_10_1_140_0_40_1,train,板2.xlsx,double_crack_1mm,double_crack,8,80,0,10,1,140,0,40,1
2529,板2:0899:80_0_10_1_140_0_50_1,train,板2.xlsx,double_crack_1mm,double_crack,8,80,0,10,1,140,0,50,1
2530,板2:0900:80_0_20_1_100_0_10_1,train,板2.xlsx,double_crack_1mm,double_crack,8,80,0,20,1,100,0,10,1
2531,板2:0901:80_0_20_1_100_0_20_1,train,板2.xlsx,double_crack_1mm,double_crack,8,80,0,20,1,100,0,20,1
2532,板2:0902:80_0_20_1_100_0_30_1,train,板2.xlsx,double_crack_1mm,double_crack,8,80,0,20,1,100,0,30,1
2533,板2:0903:80_0_20_1_100_0_40_1,train,板2.xlsx,double_crack_1mm,double_crack,8,80,0,20,1,100,0,40,1
2534,板2:0904:80_0_20_1_100_0_50_1,train,板2.xlsx,double_crack_1mm,double_crack,8,80,0,20,1,100,0,50,1
2535,板2:0905:80_0_20_1_110_0_10_1,train,板2.xlsx,double_crack_1mm,double_crack,8,80,0,20,1,110,0,10,1
2536,板2:0906:80_0_20_1_110_0_20_1,train,板2.xlsx,double_crack_1mm,double_crack,8,80,0,20,1,110,0,20,1
2537,板2:0907:80_0_20_1_110_0_30_1,validation,板2.xlsx,double_crack_1mm,double_crack,8,80,0,20,1,110,0,30,1
2538,板2:0908:80_0_20_1_110_0_40_1,train,板2.xlsx,double_crack_1mm,double_crack,8,80,0,20,1,110,0,40,1
2539,板2:0909:80_0_20_1_110_0_50_1,train,板2.xlsx,double_crack_1mm,double_crack,8,80,0,20,1,110,0,50,1
2540,板2:0910:80_0_20_1_120_0_10_1,train,板2.xlsx,double_crack_1mm,double_crack,8,80,0,20,1,120,0,10,1
2541,板2:0911:80_0_20_1_120_0_20_1,train,板2.xlsx,double_crack_1mm,double_crack,8,80,0,20,1,120,0,20,1
2542,板2:0912:80_0_20_1_120_0_30_1,validation,板2.xlsx,double_crack_1mm,double_crack,8,80,0,20,1,120,0,30,1
2543,板2:0913:80_0_20_1_120_0_40_1,validation,板2.xlsx,double_crack_1mm,double_crack,8,80,0,20,1,120,0,40,1
2544,板2:0914:80_0_20_1_120_0_50_1,train,板2.xlsx,double_crack_1mm,double_crack,8,80,0,20,1,120,0,50,1
2545,板2:0915:80_0_20_1_130_0_10_1,train,板2.xlsx,double_crack_1mm,double_crack,8,80,0,20,1,130,0,10,1
2546,板2:0916:80_0_20_1_130_0_20_1,train,板2.xlsx,double_crack_1mm,double_crack,8,80,0,20,1,130,0,20,1
2547,板2:0917:80_0_20_1_130_0_30_1,train,板2.xlsx,double_crack_1mm,double_crack,8,80,0,20,1,130,0,30,1
2548,板2:0918:80_0_20_1_130_0_40_1,train,板2.xlsx,double_crack_1mm,double_crack,8,80,0,20,1,130,0,40,1
2549,板2:0919:80_0_20_1_130_0_50_1,train,板2.xlsx,double_crack_1mm,double_crack,8,80,0,20,1,130,0,50,1
2550,板2:0920:80_0_20_1_140_0_10_1,train,板2.xlsx,double_crack_1mm,double_crack,8,80,0,20,1,140,0,10,1
2551,板2:0921:80_0_20_1_140_0_20_1,train,板2.xlsx,double_crack_1mm,double_crack,8,80,0,20,1,140,0,20,1
2552,板2:0922:80_0_20_1_140_0_30_1,test,板2.xlsx,double_crack_1mm,double_crack,8,80,0,20,1,140,0,30,1
2553,板2:0923:80_0_20_1_140_0_40_1,train,板2.xlsx,double_crack_1mm,double_crack,8,80,0,20,1,140,0,40,1
2554,板2:0924:80_0_20_1_140_0_50_1,train,板2.xlsx,double_crack_1mm,double_crack,8,80,0,20,1,140,0,50,1
2555,板2:0925:80_0_30_1_100_0_10_1,validation,板2.xlsx,double_crack_1mm,double_crack,8,80,0,30,1,100,0,10,1
2556,板2:0926:80_0_30_1_100_0_20_1,train,板2.xlsx,double_crack_1mm,double_crack,8,80,0,30,1,100,0,20,1
2557,板2:0927:80_0_30_1_100_0_30_1,train,板2.xlsx,double_crack_1mm,double_crack,8,80,0,30,1,100,0,30,1
2558,板2:0928:80_0_30_1_100_0_40_1,train,板2.xlsx,double_crack_1mm,double_crack,8,80,0,30,1,100,0,40,1
2559,板2:0929:80_0_30_1_100_0_50_1,train,板2.xlsx,double_crack_1mm,double_crack,8,80,0,30,1,100,0,50,1
2560,板2:0930:80_0_30_1_110_0_10_1,train,板2.xlsx,double_crack_1mm,double_crack,8,80,0,30,1,110,0,10,1
2561,板2:0931:80_0_30_1_110_0_20_1,train,板2.xlsx,double_crack_1mm,double_crack,8,80,0,30,1,110,0,20,1
2562,板2:0932:80_0_30_1_110_0_30_1,train,板2.xlsx,double_crack_1mm,double_crack,8,80,0,30,1,110,0,30,1
2563,板2:0933:80_0_30_1_110_0_40_1,train,板2.xlsx,double_crack_1mm,double_crack,8,80,0,30,1,110,0,40,1
2564,板2:0934:80_0_30_1_110_0_50_1,train,板2.xlsx,double_crack_1mm,double_crack,8,80,0,30,1,110,0,50,1
2565,板2:0935:80_0_30_1_120_0_10_1,test,板2.xlsx,double_crack_1mm,double_crack,8,80,0,30,1,120,0,10,1
2566,板2:0936:80_0_30_1_120_0_20_1,test,板2.xlsx,double_crack_1mm,double_crack,8,80,0,30,1,120,0,20,1
2567,板2:0937:80_0_30_1_120_0_30_1,validation,板2.xlsx,double_crack_1mm,double_crack,8,80,0,30,1,120,0,30,1
2568,板2:0938:80_0_30_1_120_0_40_1,test,板2.xlsx,double_crack_1mm,double_crack,8,80,0,30,1,120,0,40,1
2569,板2:0939:80_0_30_1_120_0_50_1,train,板2.xlsx,double_crack_1mm,double_crack,8,80,0,30,1,120,0,50,1
2570,板2:0940:80_0_30_1_130_0_10_1,train,板2.xlsx,double_crack_1mm,double_crack,8,80,0,30,1,130,0,10,1
2571,板2:0941:80_0_30_1_130_0_20_1,train,板2.xlsx,double_crack_1mm,double_crack,8,80,0,30,1,130,0,20,1
2572,板2:0942:80_0_30_1_130_0_30_1,train,板2.xlsx,double_crack_1mm,double_crack,8,80,0,30,1,130,0,30,1
2573,板2:0943:80_0_30_1_130_0_40_1,train,板2.xlsx,double_crack_1mm,double_crack,8,80,0,30,1,130,0,40,1
2574,板2:0944:80_0_30_1_130_0_50_1,train,板2.xlsx,double_crack_1mm,double_crack,8,80,0,30,1,130,0,50,1
2575,板2:0945:80_0_30_1_140_0_10_1,train,板2.xlsx,double_crack_1mm,double_crack,8,80,0,30,1,140,0,10,1
2576,板2:0946:80_0_30_1_140_0_20_1,train,板2.xlsx,double_crack_1mm,double_crack,8,80,0,30,1,140,0,20,1
2577,板2:0947:80_0_30_1_140_0_30_1,test,板2.xlsx,double_crack_1mm,double_crack,8,80,0,30,1,140,0,30,1
2578,板2:0948:80_0_30_1_140_0_40_1,train,板2.xlsx,double_crack_1mm,double_crack,8,80,0,30,1,140,0,40,1
2579,板2:0949:80_0_30_1_140_0_50_1,validation,板2.xlsx,double_crack_1mm,double_crack,8,80,0,30,1,140,0,50,1
2580,板2:0950:80_0_40_1_100_0_10_1,test,板2.xlsx,double_crack_1mm,double_crack,8,80,0,40,1,100,0,10,1
2581,板2:0951:80_0_40_1_100_0_20_1,validation,板2.xlsx,double_crack_1mm,double_crack,8,80,0,40,1,100,0,20,1
2582,板2:0952:80_0_40_1_100_0_30_1,validation,板2.xlsx,double_crack_1mm,double_crack,8,80,0,40,1,100,0,30,1
2583,板2:0953:80_0_40_1_100_0_40_1,train,板2.xlsx,double_crack_1mm,double_crack,8,80,0,40,1,100,0,40,1
2584,板2:0954:80_0_40_1_100_0_50_1,test,板2.xlsx,double_crack_1mm,double_crack,8,80,0,40,1,100,0,50,1
2585,板2:0955:80_0_40_1_110_0_10_1,train,板2.xlsx,double_crack_1mm,double_crack,8,80,0,40,1,110,0,10,1
2586,板2:0956:80_0_40_1_110_0_20_1,train,板2.xlsx,double_crack_1mm,double_crack,8,80,0,40,1,110,0,20,1
2587,板2:0957:80_0_40_1_110_0_30_1,test,板2.xlsx,double_crack_1mm,double_crack,8,80,0,40,1,110,0,30,1
2588,板2:0958:80_0_40_1_110_0_40_1,train,板2.xlsx,double_crack_1mm,double_crack,8,80,0,40,1,110,0,40,1
2589,板2:0959:80_0_40_1_110_0_50_1,train,板2.xlsx,double_crack_1mm,double_crack,8,80,0,40,1,110,0,50,1
2590,板2:0960:80_0_40_1_120_0_10_1,validation,板2.xlsx,double_crack_1mm,double_crack,8,80,0,40,1,120,0,10,1
2591,板2:0961:80_0_40_1_120_0_20_1,train,板2.xlsx,double_crack_1mm,double_crack,8,80,0,40,1,120,0,20,1
2592,板2:0962:80_0_40_1_120_0_30_1,validation,板2.xlsx,double_crack_1mm,double_crack,8,80,0,40,1,120,0,30,1
2593,板2:0963:80_0_40_1_120_0_40_1,train,板2.xlsx,double_crack_1mm,double_crack,8,80,0,40,1,120,0,40,1
2594,板2:0964:80_0_40_1_120_0_50_1,train,板2.xlsx,double_crack_1mm,double_crack,8,80,0,40,1,120,0,50,1
2595,板2:0965:80_0_40_1_130_0_10_1,train,板2.xlsx,double_crack_1mm,double_crack,8,80,0,40,1,130,0,10,1
2596,板2:0966:80_0_40_1_130_0_20_1,test,板2.xlsx,double_crack_1mm,double_crack,8,80,0,40,1,130,0,20,1
2597,板2:0967:80_0_40_1_130_0_30_1,train,板2.xlsx,double_crack_1mm,double_crack,8,80,0,40,1,130,0,30,1
2598,板2:0968:80_0_40_1_130_0_40_1,test,板2.xlsx,double_crack_1mm,double_crack,8,80,0,40,1,130,0,40,1
2599,板2:0969:80_0_40_1_130_0_50_1,train,板2.xlsx,double_crack_1mm,double_crack,8,80,0,40,1,130,0,50,1
2600,板2:0970:80_0_40_1_140_0_10_1,validation,板2.xlsx,double_crack_1mm,double_crack,8,80,0,40,1,140,0,10,1
2601,板2:0971:80_0_40_1_140_0_20_1,train,板2.xlsx,double_crack_1mm,double_crack,8,80,0,40,1,140,0,20,1
2602,板2:0972:80_0_40_1_140_0_30_1,train,板2.xlsx,double_crack_1mm,double_crack,8,80,0,40,1,140,0,30,1
2603,板2:0973:80_0_40_1_140_0_40_1,train,板2.xlsx,double_crack_1mm,double_crack,8,80,0,40,1,140,0,40,1
2604,板2:0974:80_0_40_1_140_0_50_1,train,板2.xlsx,double_crack_1mm,double_crack,8,80,0,40,1,140,0,50,1
2605,板2:0975:80_0_50_1_100_0_10_1,validation,板2.xlsx,double_crack_1mm,double_crack,8,80,0,50,1,100,0,10,1
2606,板2:0976:80_0_50_1_100_0_20_1,train,板2.xlsx,double_crack_1mm,double_crack,8,80,0,50,1,100,0,20,1
2607,板2:0977:80_0_50_1_100_0_30_1,train,板2.xlsx,double_crack_1mm,double_crack,8,80,0,50,1,100,0,30,1
2608,板2:0978:80_0_50_1_100_0_40_1,train,板2.xlsx,double_crack_1mm,double_crack,8,80,0,50,1,100,0,40,1
2609,板2:0979:80_0_50_1_100_0_50_1,train,板2.xlsx,double_crack_1mm,double_crack,8,80,0,50,1,100,0,50,1
2610,板2:0980:80_0_50_1_110_0_10_1,train,板2.xlsx,double_crack_1mm,double_crack,8,80,0,50,1,110,0,10,1
2611,板2:0981:80_0_50_1_110_0_20_1,train,板2.xlsx,double_crack_1mm,double_crack,8,80,0,50,1,110,0,20,1
2612,板2:0982:80_0_50_1_110_0_30_1,test,板2.xlsx,double_crack_1mm,double_crack,8,80,0,50,1,110,0,30,1
2613,板2:0983:80_0_50_1_110_0_40_1,train,板2.xlsx,double_crack_1mm,double_crack,8,80,0,50,1,110,0,40,1
2614,板2:0984:80_0_50_1_110_0_50_1,test,板2.xlsx,double_crack_1mm,double_crack,8,80,0,50,1,110,0,50,1
2615,板2:0985:80_0_50_1_120_0_10_1,train,板2.xlsx,double_crack_1mm,double_crack,8,80,0,50,1,120,0,10,1
2616,板2:0986:80_0_50_1_120_0_20_1,train,板2.xlsx,double_crack_1mm,double_crack,8,80,0,50,1,120,0,20,1
2617,板2:0987:80_0_50_1_120_0_30_1,validation,板2.xlsx,double_crack_1mm,double_crack,8,80,0,50,1,120,0,30,1
2618,板2:0988:80_0_50_1_120_0_40_1,train,板2.xlsx,double_crack_1mm,double_crack,8,80,0,50,1,120,0,40,1
2619,板2:0989:80_0_50_1_120_0_50_1,validation,板2.xlsx,double_crack_1mm,double_crack,8,80,0,50,1,120,0,50,1
2620,板2:0990:80_0_50_1_130_0_10_1,train,板2.xlsx,double_crack_1mm,double_crack,8,80,0,50,1,130,0,10,1
2621,板2:0991:80_0_50_1_130_0_20_1,train,板2.xlsx,double_crack_1mm,double_crack,8,80,0,50,1,130,0,20,1
2622,板2:0992:80_0_50_1_130_0_30_1,test,板2.xlsx,double_crack_1mm,double_crack,8,80,0,50,1,130,0,30,1
2623,板2:0993:80_0_50_1_130_0_40_1,train,板2.xlsx,double_crack_1mm,double_crack,8,80,0,50,1,130,0,40,1
2624,板2:0994:80_0_50_1_130_0_50_1,validation,板2.xlsx,double_crack_1mm,double_crack,8,80,0,50,1,130,0,50,1
2625,板2:0995:80_0_50_1_140_0_10_1,validation,板2.xlsx,double_crack_1mm,double_crack,8,80,0,50,1,140,0,10,1
2626,板2:0996:80_0_50_1_140_0_20_1,test,板2.xlsx,double_crack_1mm,double_crack,8,80,0,50,1,140,0,20,1
2627,板2:0997:80_0_50_1_140_0_30_1,train,板2.xlsx,double_crack_1mm,double_crack,8,80,0,50,1,140,0,30,1
2628,板2:0998:80_0_50_1_140_0_40_1,train,板2.xlsx,double_crack_1mm,double_crack,8,80,0,50,1,140,0,40,1
2629,板2:0999:80_0_50_1_140_0_50_1,train,板2.xlsx,double_crack_1mm,double_crack,8,80,0,50,1,140,0,50,1
2630,板2:1000:90_0_10_1_100_0_10_1,train,板2.xlsx,double_crack_1mm,double_crack,8,90,0,10,1,100,0,10,1
2631,板2:1001:90_0_10_1_100_0_20_1,train,板2.xlsx,double_crack_1mm,double_crack,8,90,0,10,1,100,0,20,1
2632,板2:1002:90_0_10_1_100_0_30_1,train,板2.xlsx,double_crack_1mm,double_crack,8,90,0,10,1,100,0,30,1
2633,板2:1003:90_0_10_1_100_0_40_1,test,板2.xlsx,double_crack_1mm,double_crack,8,90,0,10,1,100,0,40,1
2634,板2:1004:90_0_10_1_100_0_50_1,train,板2.xlsx,double_crack_1mm,double_crack,8,90,0,10,1,100,0,50,1
2635,板2:1005:90_0_10_1_110_0_10_1,train,板2.xlsx,double_crack_1mm,double_crack,8,90,0,10,1,110,0,10,1
2636,板2:1006:90_0_10_1_110_0_20_1,test,板2.xlsx,double_crack_1mm,double_crack,8,90,0,10,1,110,0,20,1
2637,板2:1007:90_0_10_1_110_0_30_1,test,板2.xlsx,double_crack_1mm,double_crack,8,90,0,10,1,110,0,30,1
2638,板2:1008:90_0_10_1_110_0_40_1,test,板2.xlsx,double_crack_1mm,double_crack,8,90,0,10,1,110,0,40,1
2639,板2:1009:90_0_10_1_110_0_50_1,train,板2.xlsx,double_crack_1mm,double_crack,8,90,0,10,1,110,0,50,1
2640,板2:1010:90_0_10_1_120_0_10_1,train,板2.xlsx,double_crack_1mm,double_crack,8,90,0,10,1,120,0,10,1
2641,板2:1011:90_0_10_1_120_0_20_1,train,板2.xlsx,double_crack_1mm,double_crack,8,90,0,10,1,120,0,20,1
2642,板2:1012:90_0_10_1_120_0_30_1,validation,板2.xlsx,double_crack_1mm,double_crack,8,90,0,10,1,120,0,30,1
2643,板2:1013:90_0_10_1_120_0_40_1,test,板2.xlsx,double_crack_1mm,double_crack,8,90,0,10,1,120,0,40,1
2644,板2:1014:90_0_10_1_120_0_50_1,train,板2.xlsx,double_crack_1mm,double_crack,8,90,0,10,1,120,0,50,1
2645,板2:1015:90_0_10_1_130_0_10_1,train,板2.xlsx,double_crack_1mm,double_crack,8,90,0,10,1,130,0,10,1
2646,板2:1016:90_0_10_1_130_0_20_1,train,板2.xlsx,double_crack_1mm,double_crack,8,90,0,10,1,130,0,20,1
2647,板2:1017:90_0_10_1_130_0_30_1,train,板2.xlsx,double_crack_1mm,double_crack,8,90,0,10,1,130,0,30,1
2648,板2:1018:90_0_10_1_130_0_40_1,train,板2.xlsx,double_crack_1mm,double_crack,8,90,0,10,1,130,0,40,1
2649,板2:1019:90_0_10_1_130_0_50_1,train,板2.xlsx,double_crack_1mm,double_crack,8,90,0,10,1,130,0,50,1
2650,板2:1020:90_0_10_1_140_0_10_1,test,板2.xlsx,double_crack_1mm,double_crack,8,90,0,10,1,140,0,10,1
2651,板2:1021:90_0_10_1_140_0_20_1,train,板2.xlsx,double_crack_1mm,double_crack,8,90,0,10,1,140,0,20,1
2652,板2:1022:90_0_10_1_140_0_30_1,train,板2.xlsx,double_crack_1mm,double_crack,8,90,0,10,1,140,0,30,1
2653,板2:1023:90_0_10_1_140_0_40_1,train,板2.xlsx,double_crack_1mm,double_crack,8,90,0,10,1,140,0,40,1
2654,板2:1024:90_0_10_1_140_0_50_1,test,板2.xlsx,double_crack_1mm,double_crack,8,90,0,10,1,140,0,50,1
2655,板2:1025:90_0_20_1_100_0_10_1,train,板2.xlsx,double_crack_1mm,double_crack,8,90,0,20,1,100,0,10,1
2656,板2:1026:90_0_20_1_100_0_20_1,train,板2.xlsx,double_crack_1mm,double_crack,8,90,0,20,1,100,0,20,1
2657,板2:1027:90_0_20_1_100_0_30_1,train,板2.xlsx,double_crack_1mm,double_crack,8,90,0,20,1,100,0,30,1
2658,板2:1028:90_0_20_1_100_0_40_1,train,板2.xlsx,double_crack_1mm,double_crack,8,90,0,20,1,100,0,40,1
2659,板2:1029:90_0_20_1_100_0_50_1,train,板2.xlsx,double_crack_1mm,double_crack,8,90,0,20,1,100,0,50,1
2660,板2:1030:90_0_20_1_110_0_10_1,train,板2.xlsx,double_crack_1mm,double_crack,8,90,0,20,1,110,0,10,1
2661,板2:1031:90_0_20_1_110_0_20_1,train,板2.xlsx,double_crack_1mm,double_crack,8,90,0,20,1,110,0,20,1
2662,板2:1032:90_0_20_1_110_0_30_1,validation,板2.xlsx,double_crack_1mm,double_crack,8,90,0,20,1,110,0,30,1
2663,板2:1033:90_0_20_1_110_0_40_1,validation,板2.xlsx,double_crack_1mm,double_crack,8,90,0,20,1,110,0,40,1
2664,板2:1034:90_0_20_1_110_0_50_1,train,板2.xlsx,double_crack_1mm,double_crack,8,90,0,20,1,110,0,50,1
2665,板2:1035:90_0_20_1_120_0_10_1,train,板2.xlsx,double_crack_1mm,double_crack,8,90,0,20,1,120,0,10,1
2666,板2:1036:90_0_20_1_120_0_20_1,train,板2.xlsx,double_crack_1mm,double_crack,8,90,0,20,1,120,0,20,1
2667,板2:1037:90_0_20_1_120_0_30_1,train,板2.xlsx,double_crack_1mm,double_crack,8,90,0,20,1,120,0,30,1
2668,板2:1038:90_0_20_1_120_0_40_1,test,板2.xlsx,double_crack_1mm,double_crack,8,90,0,20,1,120,0,40,1
2669,板2:1039:90_0_20_1_120_0_50_1,train,板2.xlsx,double_crack_1mm,double_crack,8,90,0,20,1,120,0,50,1
2670,板2:1040:90_0_20_1_130_0_10_1,train,板2.xlsx,double_crack_1mm,double_crack,8,90,0,20,1,130,0,10,1
2671,板2:1041:90_0_20_1_130_0_20_1,train,板2.xlsx,double_crack_1mm,double_crack,8,90,0,20,1,130,0,20,1
2672,板2:1042:90_0_20_1_130_0_30_1,train,板2.xlsx,double_crack_1mm,double_crack,8,90,0,20,1,130,0,30,1
2673,板2:1043:90_0_20_1_130_0_40_1,train,板2.xlsx,double_crack_1mm,double_crack,8,90,0,20,1,130,0,40,1
2674,板2:1044:90_0_20_1_130_0_50_1,train,板2.xlsx,double_crack_1mm,double_crack,8,90,0,20,1,130,0,50,1
2675,板2:1045:90_0_20_1_140_0_10_1,train,板2.xlsx,double_crack_1mm,double_crack,8,90,0,20,1,140,0,10,1
2676,板2:1046:90_0_20_1_140_0_20_1,test,板2.xlsx,double_crack_1mm,double_crack,8,90,0,20,1,140,0,20,1
2677,板2:1047:90_0_20_1_140_0_30_1,train,板2.xlsx,double_crack_1mm,double_crack,8,90,0,20,1,140,0,30,1
2678,板2:1048:90_0_20_1_140_0_40_1,train,板2.xlsx,double_crack_1mm,double_crack,8,90,0,20,1,140,0,40,1
2679,板2:1049:90_0_20_1_140_0_50_1,train,板2.xlsx,double_crack_1mm,double_crack,8,90,0,20,1,140,0,50,1
2680,板2:1050:90_0_30_1_100_0_10_1,train,板2.xlsx,double_crack_1mm,double_crack,8,90,0,30,1,100,0,10,1
2681,板2:1051:90_0_30_1_100_0_20_1,train,板2.xlsx,double_crack_1mm,double_crack,8,90,0,30,1,100,0,20,1
2682,板2:1052:90_0_30_1_100_0_30_1,test,板2.xlsx,double_crack_1mm,double_crack,8,90,0,30,1,100,0,30,1
2683,板2:1053:90_0_30_1_100_0_40_1,train,板2.xlsx,double_crack_1mm,double_crack,8,90,0,30,1,100,0,40,1
2684,板2:1054:90_0_30_1_100_0_50_1,validation,板2.xlsx,double_crack_1mm,double_crack,8,90,0,30,1,100,0,50,1
2685,板2:1055:90_0_30_1_110_0_10_1,train,板2.xlsx,double_crack_1mm,double_crack,8,90,0,30,1,110,0,10,1
2686,板2:1056:90_0_30_1_110_0_20_1,train,板2.xlsx,double_crack_1mm,double_crack,8,90,0,30,1,110,0,20,1
2687,板2:1057:90_0_30_1_110_0_30_1,train,板2.xlsx,double_crack_1mm,double_crack,8,90,0,30,1,110,0,30,1
2688,板2:1058:90_0_30_1_110_0_40_1,train,板2.xlsx,double_crack_1mm,double_crack,8,90,0,30,1,110,0,40,1
2689,板2:1059:90_0_30_1_110_0_50_1,train,板2.xlsx,double_crack_1mm,double_crack,8,90,0,30,1,110,0,50,1
2690,板2:1060:90_0_30_1_120_0_10_1,train,板2.xlsx,double_crack_1mm,double_crack,8,90,0,30,1,120,0,10,1
2691,板2:1061:90_0_30_1_120_0_20_1,train,板2.xlsx,double_crack_1mm,double_crack,8,90,0,30,1,120,0,20,1
2692,板2:1062:90_0_30_1_120_0_30_1,test,板2.xlsx,double_crack_1mm,double_crack,8,90,0,30,1,120,0,30,1
2693,板2:1063:90_0_30_1_120_0_40_1,train,板2.xlsx,double_crack_1mm,double_crack,8,90,0,30,1,120,0,40,1
2694,板2:1064:90_0_30_1_120_0_50_1,train,板2.xlsx,double_crack_1mm,double_crack,8,90,0,30,1,120,0,50,1
2695,板2:1065:90_0_30_1_130_0_10_1,train,板2.xlsx,double_crack_1mm,double_crack,8,90,0,30,1,130,0,10,1
2696,板2:1066:90_0_30_1_130_0_20_1,train,板2.xlsx,double_crack_1mm,double_crack,8,90,0,30,1,130,0,20,1
2697,板2:1067:90_0_30_1_130_0_30_1,train,板2.xlsx,double_crack_1mm,double_crack,8,90,0,30,1,130,0,30,1
2698,板2:1068:90_0_30_1_130_0_40_1,train,板2.xlsx,double_crack_1mm,double_crack,8,90,0,30,1,130,0,40,1
2699,板2:1069:90_0_30_1_130_0_50_1,train,板2.xlsx,double_crack_1mm,double_crack,8,90,0,30,1,130,0,50,1
2700,板2:1070:90_0_30_1_140_0_10_1,train,板2.xlsx,double_crack_1mm,double_crack,8,90,0,30,1,140,0,10,1
2701,板2:1071:90_0_30_1_140_0_20_1,train,板2.xlsx,double_crack_1mm,double_crack,8,90,0,30,1,140,0,20,1
2702,板2:1072:90_0_30_1_140_0_30_1,train,板2.xlsx,double_crack_1mm,double_crack,8,90,0,30,1,140,0,30,1
2703,板2:1073:90_0_30_1_140_0_40_1,train,板2.xlsx,double_crack_1mm,double_crack,8,90,0,30,1,140,0,40,1
2704,板2:1074:90_0_30_1_140_0_50_1,train,板2.xlsx,double_crack_1mm,double_crack,8,90,0,30,1,140,0,50,1
2705,板2:1075:90_0_40_1_100_0_10_1,train,板2.xlsx,double_crack_1mm,double_crack,8,90,0,40,1,100,0,10,1
2706,板2:1076:90_0_40_1_100_0_20_1,train,板2.xlsx,double_crack_1mm,double_crack,8,90,0,40,1,100,0,20,1
2707,板2:1077:90_0_40_1_100_0_30_1,train,板2.xlsx,double_crack_1mm,double_crack,8,90,0,40,1,100,0,30,1
2708,板2:1078:90_0_40_1_100_0_40_1,train,板2.xlsx,double_crack_1mm,double_crack,8,90,0,40,1,100,0,40,1
2709,板2:1079:90_0_40_1_100_0_50_1,train,板2.xlsx,double_crack_1mm,double_crack,8,90,0,40,1,100,0,50,1
2710,板2:1080:90_0_40_1_110_0_10_1,train,板2.xlsx,double_crack_1mm,double_crack,8,90,0,40,1,110,0,10,1
2711,板2:1081:90_0_40_1_110_0_20_1,train,板2.xlsx,double_crack_1mm,double_crack,8,90,0,40,1,110,0,20,1
2712,板2:1082:90_0_40_1_110_0_30_1,train,板2.xlsx,double_crack_1mm,double_crack,8,90,0,40,1,110,0,30,1
2713,板2:1083:90_0_40_1_110_0_40_1,validation,板2.xlsx,double_crack_1mm,double_crack,8,90,0,40,1,110,0,40,1
2714,板2:1084:90_0_40_1_110_0_50_1,train,板2.xlsx,double_crack_1mm,double_crack,8,90,0,40,1,110,0,50,1
2715,板2:1085:90_0_40_1_120_0_10_1,validation,板2.xlsx,double_crack_1mm,double_crack,8,90,0,40,1,120,0,10,1
2716,板2:1086:90_0_40_1_120_0_20_1,train,板2.xlsx,double_crack_1mm,double_crack,8,90,0,40,1,120,0,20,1
2717,板2:1087:90_0_40_1_120_0_30_1,train,板2.xlsx,double_crack_1mm,double_crack,8,90,0,40,1,120,0,30,1
2718,板2:1088:90_0_40_1_120_0_40_1,train,板2.xlsx,double_crack_1mm,double_crack,8,90,0,40,1,120,0,40,1
2719,板2:1089:90_0_40_1_120_0_50_1,train,板2.xlsx,double_crack_1mm,double_crack,8,90,0,40,1,120,0,50,1
2720,板2:1090:90_0_40_1_130_0_10_1,train,板2.xlsx,double_crack_1mm,double_crack,8,90,0,40,1,130,0,10,1
2721,板2:1091:90_0_40_1_130_0_20_1,validation,板2.xlsx,double_crack_1mm,double_crack,8,90,0,40,1,130,0,20,1
2722,板2:1092:90_0_40_1_130_0_30_1,test,板2.xlsx,double_crack_1mm,double_crack,8,90,0,40,1,130,0,30,1
2723,板2:1093:90_0_40_1_130_0_40_1,train,板2.xlsx,double_crack_1mm,double_crack,8,90,0,40,1,130,0,40,1
2724,板2:1094:90_0_40_1_130_0_50_1,train,板2.xlsx,double_crack_1mm,double_crack,8,90,0,40,1,130,0,50,1
2725,板2:1095:90_0_40_1_140_0_10_1,validation,板2.xlsx,double_crack_1mm,double_crack,8,90,0,40,1,140,0,10,1
2726,板2:1096:90_0_40_1_140_0_20_1,train,板2.xlsx,double_crack_1mm,double_crack,8,90,0,40,1,140,0,20,1
2727,板2:1097:90_0_40_1_140_0_30_1,train,板2.xlsx,double_crack_1mm,double_crack,8,90,0,40,1,140,0,30,1
2728,板2:1098:90_0_40_1_140_0_40_1,train,板2.xlsx,double_crack_1mm,double_crack,8,90,0,40,1,140,0,40,1
2729,板2:1099:90_0_40_1_140_0_50_1,train,板2.xlsx,double_crack_1mm,double_crack,8,90,0,40,1,140,0,50,1
2730,板2:1100:90_0_50_1_100_0_10_1,train,板2.xlsx,double_crack_1mm,double_crack,8,90,0,50,1,100,0,10,1
2731,板2:1101:90_0_50_1_100_0_20_1,train,板2.xlsx,double_crack_1mm,double_crack,8,90,0,50,1,100,0,20,1
2732,板2:1102:90_0_50_1_100_0_30_1,test,板2.xlsx,double_crack_1mm,double_crack,8,90,0,50,1,100,0,30,1
2733,板2:1103:90_0_50_1_100_0_40_1,train,板2.xlsx,double_crack_1mm,double_crack,8,90,0,50,1,100,0,40,1
2734,板2:1104:90_0_50_1_100_0_50_1,test,板2.xlsx,double_crack_1mm,double_crack,8,90,0,50,1,100,0,50,1
2735,板2:1105:90_0_50_1_110_0_10_1,train,板2.xlsx,double_crack_1mm,double_crack,8,90,0,50,1,110,0,10,1
2736,板2:1106:90_0_50_1_110_0_20_1,validation,板2.xlsx,double_crack_1mm,double_crack,8,90,0,50,1,110,0,20,1
2737,板2:1107:90_0_50_1_110_0_30_1,train,板2.xlsx,double_crack_1mm,double_crack,8,90,0,50,1,110,0,30,1
2738,板2:1108:90_0_50_1_110_0_40_1,train,板2.xlsx,double_crack_1mm,double_crack,8,90,0,50,1,110,0,40,1
2739,板2:1109:90_0_50_1_110_0_50_1,train,板2.xlsx,double_crack_1mm,double_crack,8,90,0,50,1,110,0,50,1
2740,板2:1110:90_0_50_1_120_0_10_1,train,板2.xlsx,double_crack_1mm,double_crack,8,90,0,50,1,120,0,10,1
2741,板2:1111:90_0_50_1_120_0_20_1,train,板2.xlsx,double_crack_1mm,double_crack,8,90,0,50,1,120,0,20,1
2742,板2:1112:90_0_50_1_120_0_30_1,train,板2.xlsx,double_crack_1mm,double_crack,8,90,0,50,1,120,0,30,1
2743,板2:1113:90_0_50_1_120_0_40_1,train,板2.xlsx,double_crack_1mm,double_crack,8,90,0,50,1,120,0,40,1
2744,板2:1114:90_0_50_1_120_0_50_1,train,板2.xlsx,double_crack_1mm,double_crack,8,90,0,50,1,120,0,50,1
2745,板2:1115:90_0_50_1_130_0_10_1,train,板2.xlsx,double_crack_1mm,double_crack,8,90,0,50,1,130,0,10,1
2746,板2:1116:90_0_50_1_130_0_20_1,train,板2.xlsx,double_crack_1mm,double_crack,8,90,0,50,1,130,0,20,1
2747,板2:1117:90_0_50_1_130_0_30_1,validation,板2.xlsx,double_crack_1mm,double_crack,8,90,0,50,1,130,0,30,1
2748,板2:1118:90_0_50_1_130_0_40_1,train,板2.xlsx,double_crack_1mm,double_crack,8,90,0,50,1,130,0,40,1
2749,板2:1119:90_0_50_1_130_0_50_1,test,板2.xlsx,double_crack_1mm,double_crack,8,90,0,50,1,130,0,50,1
2750,板2:1120:90_0_50_1_140_0_10_1,train,板2.xlsx,double_crack_1mm,double_crack,8,90,0,50,1,140,0,10,1
2751,板2:1121:90_0_50_1_140_0_20_1,test,板2.xlsx,double_crack_1mm,double_crack,8,90,0,50,1,140,0,20,1
2752,板2:1122:90_0_50_1_140_0_30_1,train,板2.xlsx,double_crack_1mm,double_crack,8,90,0,50,1,140,0,30,1
2753,板2:1123:90_0_50_1_140_0_40_1,train,板2.xlsx,double_crack_1mm,double_crack,8,90,0,50,1,140,0,40,1
2754,板2:1124:90_0_50_1_140_0_50_1,train,板2.xlsx,double_crack_1mm,double_crack,8,90,0,50,1,140,0,50,1
2755,555:0000:0_100_50_5,train,555.xlsx,downward_crack_5mm,downward_crack,4,0,100,50,5,,,,
2756,555:0001:0_100_45_5,train,555.xlsx,downward_crack_5mm,downward_crack,4,0,100,45,5,,,,
2757,555:0002:0_100_40_5,train,555.xlsx,downward_crack_5mm,downward_crack,4,0,100,40,5,,,,
2758,555:0003:0_100_35_5,train,555.xlsx,downward_crack_5mm,downward_crack,4,0,100,35,5,,,,
2759,555:0004:0_100_30_5,train,555.xlsx,downward_crack_5mm,downward_crack,4,0,100,30,5,,,,
2760,555:0005:0_100_25_5,train,555.xlsx,downward_crack_5mm,downward_crack,4,0,100,25,5,,,,
2761,555:0006:0_100_20_5,train,555.xlsx,downward_crack_5mm,downward_crack,4,0,100,20,5,,,,
2762,555:0007:0_100_15_5,train,555.xlsx,downward_crack_5mm,downward_crack,4,0,100,15,5,,,,
2763,555:0008:0_100_10_5,test,555.xlsx,downward_crack_5mm,downward_crack,4,0,100,10,5,,,,
2764,555:0009:0_100_5_5,test,555.xlsx,downward_crack_5mm,downward_crack,4,0,100,5,5,,,,
2765,555:0010:5_100_50_5,train,555.xlsx,downward_crack_5mm,downward_crack,4,5,100,50,5,,,,
2766,555:0011:5_100_45_5,train,555.xlsx,downward_crack_5mm,downward_crack,4,5,100,45,5,,,,
2767,555:0012:5_100_40_5,train,555.xlsx,downward_crack_5mm,downward_crack,4,5,100,40,5,,,,
2768,555:0013:5_100_35_5,train,555.xlsx,downward_crack_5mm,downward_crack,4,5,100,35,5,,,,
2769,555:0014:5_100_30_5,train,555.xlsx,downward_crack_5mm,downward_crack,4,5,100,30,5,,,,
2770,555:0015:5_100_25_5,train,555.xlsx,downward_crack_5mm,downward_crack,4,5,100,25,5,,,,
2771,555:0016:5_100_20_5,train,555.xlsx,downward_crack_5mm,downward_crack,4,5,100,20,5,,,,
2772,555:0017:5_100_15_5,train,555.xlsx,downward_crack_5mm,downward_crack,4,5,100,15,5,,,,
2773,555:0018:5_100_10_5,test,555.xlsx,downward_crack_5mm,downward_crack,4,5,100,10,5,,,,
2774,555:0019:5_100_5_5,train,555.xlsx,downward_crack_5mm,downward_crack,4,5,100,5,5,,,,
2775,555:0020:10_100_50_5,validation,555.xlsx,downward_crack_5mm,downward_crack,4,10,100,50,5,,,,
2776,555:0021:10_100_45_5,train,555.xlsx,downward_crack_5mm,downward_crack,4,10,100,45,5,,,,
2777,555:0022:10_100_40_5,train,555.xlsx,downward_crack_5mm,downward_crack,4,10,100,40,5,,,,
2778,555:0023:10_100_35_5,train,555.xlsx,downward_crack_5mm,downward_crack,4,10,100,35,5,,,,
2779,555:0024:10_100_30_5,train,555.xlsx,downward_crack_5mm,downward_crack,4,10,100,30,5,,,,
2780,555:0025:10_100_25_5,test,555.xlsx,downward_crack_5mm,downward_crack,4,10,100,25,5,,,,
2781,555:0026:10_100_20_5,train,555.xlsx,downward_crack_5mm,downward_crack,4,10,100,20,5,,,,
2782,555:0027:10_100_15_5,train,555.xlsx,downward_crack_5mm,downward_crack,4,10,100,15,5,,,,
2783,555:0028:10_100_10_5,train,555.xlsx,downward_crack_5mm,downward_crack,4,10,100,10,5,,,,
2784,555:0029:10_100_5_5,train,555.xlsx,downward_crack_5mm,downward_crack,4,10,100,5,5,,,,
2785,555:0030:15_100_50_5,train,555.xlsx,downward_crack_5mm,downward_crack,4,15,100,50,5,,,,
2786,555:0031:15_100_45_5,train,555.xlsx,downward_crack_5mm,downward_crack,4,15,100,45,5,,,,
2787,555:0032:15_100_40_5,train,555.xlsx,downward_crack_5mm,downward_crack,4,15,100,40,5,,,,
2788,555:0033:15_100_35_5,train,555.xlsx,downward_crack_5mm,downward_crack,4,15,100,35,5,,,,
2789,555:0034:15_100_30_5,train,555.xlsx,downward_crack_5mm,downward_crack,4,15,100,30,5,,,,
2790,555:0035:15_100_25_5,test,555.xlsx,downward_crack_5mm,downward_crack,4,15,100,25,5,,,,
2791,555:0036:15_100_20_5,train,555.xlsx,downward_crack_5mm,downward_crack,4,15,100,20,5,,,,
2792,555:0037:15_100_15_5,train,555.xlsx,downward_crack_5mm,downward_crack,4,15,100,15,5,,,,
2793,555:0038:15_100_10_5,train,555.xlsx,downward_crack_5mm,downward_crack,4,15,100,10,5,,,,
2794,555:0039:15_100_5_5,train,555.xlsx,downward_crack_5mm,downward_crack,4,15,100,5,5,,,,
2795,555:0040:20_100_50_5,train,555.xlsx,downward_crack_5mm,downward_crack,4,20,100,50,5,,,,
2796,555:0041:20_100_45_5,train,555.xlsx,downward_crack_5mm,downward_crack,4,20,100,45,5,,,,
2797,555:0042:20_100_40_5,train,555.xlsx,downward_crack_5mm,downward_crack,4,20,100,40,5,,,,
2798,555:0043:20_100_35_5,train,555.xlsx,downward_crack_5mm,downward_crack,4,20,100,35,5,,,,
2799,555:0044:20_100_30_5,train,555.xlsx,downward_crack_5mm,downward_crack,4,20,100,30,5,,,,
2800,555:0045:20_100_25_5,train,555.xlsx,downward_crack_5mm,downward_crack,4,20,100,25,5,,,,
2801,555:0046:20_100_20_5,test,555.xlsx,downward_crack_5mm,downward_crack,4,20,100,20,5,,,,
2802,555:0047:20_100_15_5,validation,555.xlsx,downward_crack_5mm,downward_crack,4,20,100,15,5,,,,
2803,555:0048:20_100_10_5,test,555.xlsx,downward_crack_5mm,downward_crack,4,20,100,10,5,,,,
2804,555:0049:20_100_5_5,test,555.xlsx,downward_crack_5mm,downward_crack,4,20,100,5,5,,,,
2805,555:0050:25_100_50_5,train,555.xlsx,downward_crack_5mm,downward_crack,4,25,100,50,5,,,,
2806,555:0051:25_100_45_5,validation,555.xlsx,downward_crack_5mm,downward_crack,4,25,100,45,5,,,,
2807,555:0052:25_100_40_5,train,555.xlsx,downward_crack_5mm,downward_crack,4,25,100,40,5,,,,
2808,555:0053:25_100_35_5,train,555.xlsx,downward_crack_5mm,downward_crack,4,25,100,35,5,,,,
2809,555:0054:25_100_30_5,train,555.xlsx,downward_crack_5mm,downward_crack,4,25,100,30,5,,,,
2810,555:0055:25_100_25_5,train,555.xlsx,downward_crack_5mm,downward_crack,4,25,100,25,5,,,,
2811,555:0056:25_100_20_5,train,555.xlsx,downward_crack_5mm,downward_crack,4,25,100,20,5,,,,
2812,555:0057:25_100_15_5,train,555.xlsx,downward_crack_5mm,downward_crack,4,25,100,15,5,,,,
2813,555:0058:25_100_10_5,train,555.xlsx,downward_crack_5mm,downward_crack,4,25,100,10,5,,,,
2814,555:0059:25_100_5_5,test,555.xlsx,downward_crack_5mm,downward_crack,4,25,100,5,5,,,,
2815,555:0060:30_100_50_5,validation,555.xlsx,downward_crack_5mm,downward_crack,4,30,100,50,5,,,,
2816,555:0061:30_100_45_5,train,555.xlsx,downward_crack_5mm,downward_crack,4,30,100,45,5,,,,
2817,555:0062:30_100_40_5,validation,555.xlsx,downward_crack_5mm,downward_crack,4,30,100,40,5,,,,
2818,555:0063:30_100_35_5,train,555.xlsx,downward_crack_5mm,downward_crack,4,30,100,35,5,,,,
2819,555:0064:30_100_30_5,train,555.xlsx,downward_crack_5mm,downward_crack,4,30,100,30,5,,,,
2820,555:0065:30_100_25_5,train,555.xlsx,downward_crack_5mm,downward_crack,4,30,100,25,5,,,,
2821,555:0066:30_100_20_5,train,555.xlsx,downward_crack_5mm,downward_crack,4,30,100,20,5,,,,
2822,555:0067:30_100_15_5,test,555.xlsx,downward_crack_5mm,downward_crack,4,30,100,15,5,,,,
2823,555:0068:30_100_10_5,train,555.xlsx,downward_crack_5mm,downward_crack,4,30,100,10,5,,,,
2824,555:0069:30_100_5_5,train,555.xlsx,downward_crack_5mm,downward_crack,4,30,100,5,5,,,,
2825,555:0070:35_100_50_5,train,555.xlsx,downward_crack_5mm,downward_crack,4,35,100,50,5,,,,
2826,555:0071:35_100_45_5,test,555.xlsx,downward_crack_5mm,downward_crack,4,35,100,45,5,,,,
2827,555:0072:35_100_40_5,train,555.xlsx,downward_crack_5mm,downward_crack,4,35,100,40,5,,,,
2828,555:0073:35_100_35_5,train,555.xlsx,downward_crack_5mm,downward_crack,4,35,100,35,5,,,,
2829,555:0074:35_100_30_5,train,555.xlsx,downward_crack_5mm,downward_crack,4,35,100,30,5,,,,
2830,555:0075:35_100_25_5,validation,555.xlsx,downward_crack_5mm,downward_crack,4,35,100,25,5,,,,
2831,555:0076:35_100_20_5,train,555.xlsx,downward_crack_5mm,downward_crack,4,35,100,20,5,,,,
2832,555:0077:35_100_15_5,train,555.xlsx,downward_crack_5mm,downward_crack,4,35,100,15,5,,,,
2833,555:0078:35_100_10_5,train,555.xlsx,downward_crack_5mm,downward_crack,4,35,100,10,5,,,,
2834,555:0079:35_100_5_5,train,555.xlsx,downward_crack_5mm,downward_crack,4,35,100,5,5,,,,
2835,555:0080:40_100_50_5,train,555.xlsx,downward_crack_5mm,downward_crack,4,40,100,50,5,,,,
2836,555:0081:40_100_45_5,train,555.xlsx,downward_crack_5mm,downward_crack,4,40,100,45,5,,,,
2837,555:0082:40_100_40_5,train,555.xlsx,downward_crack_5mm,downward_crack,4,40,100,40,5,,,,
2838,555:0083:40_100_35_5,test,555.xlsx,downward_crack_5mm,downward_crack,4,40,100,35,5,,,,
2839,555:0084:40_100_30_5,train,555.xlsx,downward_crack_5mm,downward_crack,4,40,100,30,5,,,,
2840,555:0085:40_100_25_5,train,555.xlsx,downward_crack_5mm,downward_crack,4,40,100,25,5,,,,
2841,555:0086:40_100_20_5,validation,555.xlsx,downward_crack_5mm,downward_crack,4,40,100,20,5,,,,
2842,555:0087:40_100_15_5,train,555.xlsx,downward_crack_5mm,downward_crack,4,40,100,15,5,,,,
2843,555:0088:40_100_10_5,train,555.xlsx,downward_crack_5mm,downward_crack,4,40,100,10,5,,,,
2844,555:0089:40_100_5_5,train,555.xlsx,downward_crack_5mm,downward_crack,4,40,100,5,5,,,,
2845,555:0090:45_100_50_5,train,555.xlsx,downward_crack_5mm,downward_crack,4,45,100,50,5,,,,
2846,555:0091:45_100_45_5,train,555.xlsx,downward_crack_5mm,downward_crack,4,45,100,45,5,,,,
2847,555:0092:45_100_40_5,train,555.xlsx,downward_crack_5mm,downward_crack,4,45,100,40,5,,,,
2848,555:0093:45_100_35_5,train,555.xlsx,downward_crack_5mm,downward_crack,4,45,100,35,5,,,,
2849,555:0094:45_100_30_5,train,555.xlsx,downward_crack_5mm,downward_crack,4,45,100,30,5,,,,
2850,555:0095:45_100_25_5,train,555.xlsx,downward_crack_5mm,downward_crack,4,45,100,25,5,,,,
2851,555:0096:45_100_20_5,train,555.xlsx,downward_crack_5mm,downward_crack,4,45,100,20,5,,,,
2852,555:0097:45_100_15_5,validation,555.xlsx,downward_crack_5mm,downward_crack,4,45,100,15,5,,,,
2853,555:0098:45_100_10_5,train,555.xlsx,downward_crack_5mm,downward_crack,4,45,100,10,5,,,,
2854,555:0099:45_100_5_5,test,555.xlsx,downward_crack_5mm,downward_crack,4,45,100,5,5,,,,
2855,555:0100:50_100_50_5,train,555.xlsx,downward_crack_5mm,downward_crack,4,50,100,50,5,,,,
2856,555:0101:50_100_45_5,train,555.xlsx,downward_crack_5mm,downward_crack,4,50,100,45,5,,,,
2857,555:0102:50_100_40_5,validation,555.xlsx,downward_crack_5mm,downward_crack,4,50,100,40,5,,,,
2858,555:0103:50_100_35_5,train,555.xlsx,downward_crack_5mm,downward_crack,4,50,100,35,5,,,,
2859,555:0104:50_100_30_5,train,555.xlsx,downward_crack_5mm,downward_crack,4,50,100,30,5,,,,
2860,555:0105:50_100_25_5,train,555.xlsx,downward_crack_5mm,downward_crack,4,50,100,25,5,,,,
2861,555:0106:50_100_20_5,train,555.xlsx,downward_crack_5mm,downward_crack,4,50,100,20,5,,,,
2862,555:0107:50_100_15_5,train,555.xlsx,downward_crack_5mm,downward_crack,4,50,100,15,5,,,,
2863,555:0108:50_100_10_5,train,555.xlsx,downward_crack_5mm,downward_crack,4,50,100,10,5,,,,
2864,555:0109:50_100_5_5,train,555.xlsx,downward_crack_5mm,downward_crack,4,50,100,5,5,,,,
2865,555:0110:55_100_50_5,validation,555.xlsx,downward_crack_5mm,downward_crack,4,55,100,50,5,,,,
2866,555:0111:55_100_45_5,train,555.xlsx,downward_crack_5mm,downward_crack,4,55,100,45,5,,,,
2867,555:0112:55_100_40_5,train,555.xlsx,downward_crack_5mm,downward_crack,4,55,100,40,5,,,,
2868,555:0113:55_100_35_5,train,555.xlsx,downward_crack_5mm,downward_crack,4,55,100,35,5,,,,
2869,555:0114:55_100_30_5,validation,555.xlsx,downward_crack_5mm,downward_crack,4,55,100,30,5,,,,
2870,555:0115:55_100_25_5,validation,555.xlsx,downward_crack_5mm,downward_crack,4,55,100,25,5,,,,
2871,555:0116:55_100_20_5,train,555.xlsx,downward_crack_5mm,downward_crack,4,55,100,20,5,,,,
2872,555:0117:55_100_15_5,test,555.xlsx,downward_crack_5mm,downward_crack,4,55,100,15,5,,,,
2873,555:0118:55_100_10_5,validation,555.xlsx,downward_crack_5mm,downward_crack,4,55,100,10,5,,,,
2874,555:0119:55_100_5_5,train,555.xlsx,downward_crack_5mm,downward_crack,4,55,100,5,5,,,,
2875,555:0120:60_100_50_5,test,555.xlsx,downward_crack_5mm,downward_crack,4,60,100,50,5,,,,
2876,555:0121:60_100_45_5,train,555.xlsx,downward_crack_5mm,downward_crack,4,60,100,45,5,,,,
2877,555:0122:60_100_40_5,train,555.xlsx,downward_crack_5mm,downward_crack,4,60,100,40,5,,,,
2878,555:0123:60_100_35_5,train,555.xlsx,downward_crack_5mm,downward_crack,4,60,100,35,5,,,,
2879,555:0124:60_100_30_5,test,555.xlsx,downward_crack_5mm,downward_crack,4,60,100,30,5,,,,
2880,555:0125:60_100_25_5,train,555.xlsx,downward_crack_5mm,downward_crack,4,60,100,25,5,,,,
2881,555:0126:60_100_20_5,train,555.xlsx,downward_crack_5mm,downward_crack,4,60,100,20,5,,,,
2882,555:0127:60_100_15_5,train,555.xlsx,downward_crack_5mm,downward_crack,4,60,100,15,5,,,,
2883,555:0128:60_100_10_5,train,555.xlsx,downward_crack_5mm,downward_crack,4,60,100,10,5,,,,
2884,555:0129:60_100_5_5,train,555.xlsx,downward_crack_5mm,downward_crack,4,60,100,5,5,,,,
2885,555:0130:65_100_50_5,train,555.xlsx,downward_crack_5mm,downward_crack,4,65,100,50,5,,,,
2886,555:0131:65_100_45_5,train,555.xlsx,downward_crack_5mm,downward_crack,4,65,100,45,5,,,,
2887,555:0132:65_100_40_5,train,555.xlsx,downward_crack_5mm,downward_crack,4,65,100,40,5,,,,
2888,555:0133:65_100_35_5,train,555.xlsx,downward_crack_5mm,downward_crack,4,65,100,35,5,,,,
2889,555:0134:65_100_30_5,train,555.xlsx,downward_crack_5mm,downward_crack,4,65,100,30,5,,,,
2890,555:0135:65_100_25_5,train,555.xlsx,downward_crack_5mm,downward_crack,4,65,100,25,5,,,,
2891,555:0136:65_100_20_5,train,555.xlsx,downward_crack_5mm,downward_crack,4,65,100,20,5,,,,
2892,555:0137:65_100_15_5,train,555.xlsx,downward_crack_5mm,downward_crack,4,65,100,15,5,,,,
2893,555:0138:65_100_10_5,train,555.xlsx,downward_crack_5mm,downward_crack,4,65,100,10,5,,,,
2894,555:0139:65_100_5_5,train,555.xlsx,downward_crack_5mm,downward_crack,4,65,100,5,5,,,,
2895,555:0140:70_100_50_5,test,555.xlsx,downward_crack_5mm,downward_crack,4,70,100,50,5,,,,
2896,555:0141:70_100_45_5,train,555.xlsx,downward_crack_5mm,downward_crack,4,70,100,45,5,,,,
2897,555:0142:70_100_40_5,train,555.xlsx,downward_crack_5mm,downward_crack,4,70,100,40,5,,,,
2898,555:0143:70_100_35_5,train,555.xlsx,downward_crack_5mm,downward_crack,4,70,100,35,5,,,,
2899,555:0144:70_100_30_5,train,555.xlsx,downward_crack_5mm,downward_crack,4,70,100,30,5,,,,
2900,555:0145:70_100_25_5,train,555.xlsx,downward_crack_5mm,downward_crack,4,70,100,25,5,,,,
2901,555:0146:70_100_20_5,train,555.xlsx,downward_crack_5mm,downward_crack,4,70,100,20,5,,,,
2902,555:0147:70_100_15_5,train,555.xlsx,downward_crack_5mm,downward_crack,4,70,100,15,5,,,,
2903,555:0148:70_100_10_5,train,555.xlsx,downward_crack_5mm,downward_crack,4,70,100,10,5,,,,
2904,555:0149:70_100_5_5,train,555.xlsx,downward_crack_5mm,downward_crack,4,70,100,5,5,,,,
2905,555:0150:75_100_50_5,train,555.xlsx,downward_crack_5mm,downward_crack,4,75,100,50,5,,,,
2906,555:0151:75_100_45_5,test,555.xlsx,downward_crack_5mm,downward_crack,4,75,100,45,5,,,,
2907,555:0152:75_100_40_5,train,555.xlsx,downward_crack_5mm,downward_crack,4,75,100,40,5,,,,
2908,555:0153:75_100_35_5,test,555.xlsx,downward_crack_5mm,downward_crack,4,75,100,35,5,,,,
2909,555:0154:75_100_30_5,train,555.xlsx,downward_crack_5mm,downward_crack,4,75,100,30,5,,,,
2910,555:0155:75_100_25_5,train,555.xlsx,downward_crack_5mm,downward_crack,4,75,100,25,5,,,,
2911,555:0156:75_100_20_5,train,555.xlsx,downward_crack_5mm,downward_crack,4,75,100,20,5,,,,
2912,555:0157:75_100_15_5,validation,555.xlsx,downward_crack_5mm,downward_crack,4,75,100,15,5,,,,
2913,555:0158:75_100_10_5,train,555.xlsx,downward_crack_5mm,downward_crack,4,75,100,10,5,,,,
2914,555:0159:75_100_5_5,train,555.xlsx,downward_crack_5mm,downward_crack,4,75,100,5,5,,,,
2915,555:0160:80_100_50_5,train,555.xlsx,downward_crack_5mm,downward_crack,4,80,100,50,5,,,,
2916,555:0161:80_100_45_5,train,555.xlsx,downward_crack_5mm,downward_crack,4,80,100,45,5,,,,
2917,555:0162:80_100_40_5,train,555.xlsx,downward_crack_5mm,downward_crack,4,80,100,40,5,,,,
2918,555:0163:80_100_35_5,train,555.xlsx,downward_crack_5mm,downward_crack,4,80,100,35,5,,,,
2919,555:0164:80_100_30_5,train,555.xlsx,downward_crack_5mm,downward_crack,4,80,100,30,5,,,,
2920,555:0165:80_100_25_5,train,555.xlsx,downward_crack_5mm,downward_crack,4,80,100,25,5,,,,
2921,555:0166:80_100_20_5,train,555.xlsx,downward_crack_5mm,downward_crack,4,80,100,20,5,,,,
2922,555:0167:80_100_15_5,train,555.xlsx,downward_crack_5mm,downward_crack,4,80,100,15,5,,,,
2923,555:0168:80_100_10_5,train,555.xlsx,downward_crack_5mm,downward_crack,4,80,100,10,5,,,,
2924,555:0169:80_100_5_5,test,555.xlsx,downward_crack_5mm,downward_crack,4,80,100,5,5,,,,
2925,555:0170:85_100_50_5,train,555.xlsx,downward_crack_5mm,downward_crack,4,85,100,50,5,,,,
2926,555:0171:85_100_45_5,test,555.xlsx,downward_crack_5mm,downward_crack,4,85,100,45,5,,,,
2927,555:0172:85_100_40_5,test,555.xlsx,downward_crack_5mm,downward_crack,4,85,100,40,5,,,,
2928,555:0173:85_100_35_5,train,555.xlsx,downward_crack_5mm,downward_crack,4,85,100,35,5,,,,
2929,555:0174:85_100_30_5,train,555.xlsx,downward_crack_5mm,downward_crack,4,85,100,30,5,,,,
2930,555:0175:85_100_25_5,train,555.xlsx,downward_crack_5mm,downward_crack,4,85,100,25,5,,,,
2931,555:0176:85_100_20_5,train,555.xlsx,downward_crack_5mm,downward_crack,4,85,100,20,5,,,,
2932,555:0177:85_100_15_5,train,555.xlsx,downward_crack_5mm,downward_crack,4,85,100,15,5,,,,
2933,555:0178:85_100_10_5,train,555.xlsx,downward_crack_5mm,downward_crack,4,85,100,10,5,,,,
2934,555:0179:85_100_5_5,train,555.xlsx,downward_crack_5mm,downward_crack,4,85,100,5,5,,,,
2935,555:0180:90_100_50_5,train,555.xlsx,downward_crack_5mm,downward_crack,4,90,100,50,5,,,,
2936,555:0181:90_100_45_5,train,555.xlsx,downward_crack_5mm,downward_crack,4,90,100,45,5,,,,
2937,555:0182:90_100_40_5,train,555.xlsx,downward_crack_5mm,downward_crack,4,90,100,40,5,,,,
2938,555:0183:90_100_35_5,train,555.xlsx,downward_crack_5mm,downward_crack,4,90,100,35,5,,,,
2939,555:0184:90_100_30_5,train,555.xlsx,downward_crack_5mm,downward_crack,4,90,100,30,5,,,,
2940,555:0185:90_100_25_5,train,555.xlsx,downward_crack_5mm,downward_crack,4,90,100,25,5,,,,
2941,555:0186:90_100_20_5,train,555.xlsx,downward_crack_5mm,downward_crack,4,90,100,20,5,,,,
2942,555:0187:90_100_15_5,train,555.xlsx,downward_crack_5mm,downward_crack,4,90,100,15,5,,,,
2943,555:0188:90_100_10_5,validation,555.xlsx,downward_crack_5mm,downward_crack,4,90,100,10,5,,,,
2944,555:0189:90_100_5_5,train,555.xlsx,downward_crack_5mm,downward_crack,4,90,100,5,5,,,,
2945,555:0190:95_100_50_5,validation,555.xlsx,downward_crack_5mm,downward_crack,4,95,100,50,5,,,,
2946,555:0191:95_100_45_5,validation,555.xlsx,downward_crack_5mm,downward_crack,4,95,100,45,5,,,,
2947,555:0192:95_100_40_5,train,555.xlsx,downward_crack_5mm,downward_crack,4,95,100,40,5,,,,
2948,555:0193:95_100_35_5,train,555.xlsx,downward_crack_5mm,downward_crack,4,95,100,35,5,,,,
2949,555:0194:95_100_30_5,train,555.xlsx,downward_crack_5mm,downward_crack,4,95,100,30,5,,,,
2950,555:0195:95_100_25_5,train,555.xlsx,downward_crack_5mm,downward_crack,4,95,100,25,5,,,,
2951,555:0196:95_100_20_5,validation,555.xlsx,downward_crack_5mm,downward_crack,4,95,100,20,5,,,,
2952,555:0197:95_100_15_5,train,555.xlsx,downward_crack_5mm,downward_crack,4,95,100,15,5,,,,
2953,555:0198:95_100_10_5,train,555.xlsx,downward_crack_5mm,downward_crack,4,95,100,10,5,,,,
2954,555:0199:95_100_5_5,train,555.xlsx,downward_crack_5mm,downward_crack,4,95,100,5,5,,,,
2955,555:0200:100_100_50_5,validation,555.xlsx,downward_crack_5mm,downward_crack,4,100,100,50,5,,,,
2956,555:0201:100_100_45_5,train,555.xlsx,downward_crack_5mm,downward_crack,4,100,100,45,5,,,,
2957,555:0202:100_100_40_5,train,555.xlsx,downward_crack_5mm,downward_crack,4,100,100,40,5,,,,
2958,555:0203:100_100_35_5,train,555.xlsx,downward_crack_5mm,downward_crack,4,100,100,35,5,,,,
2959,555:0204:100_100_30_5,train,555.xlsx,downward_crack_5mm,downward_crack,4,100,100,30,5,,,,
2960,555:0205:100_100_25_5,train,555.xlsx,downward_crack_5mm,downward_crack,4,100,100,25,5,,,,
2961,555:0206:100_100_20_5,train,555.xlsx,downward_crack_5mm,downward_crack,4,100,100,20,5,,,,
2962,555:0207:100_100_15_5,test,555.xlsx,downward_crack_5mm,downward_crack,4,100,100,15,5,,,,
2963,555:0208:100_100_10_5,validation,555.xlsx,downward_crack_5mm,downward_crack,4,100,100,10,5,,,,
2964,555:0209:100_100_5_5,train,555.xlsx,downward_crack_5mm,downward_crack,4,100,100,5,5,,,,
2965,555:0210:105_100_50_5,train,555.xlsx,downward_crack_5mm,downward_crack,4,105,100,50,5,,,,
2966,555:0211:105_100_45_5,train,555.xlsx,downward_crack_5mm,downward_crack,4,105,100,45,5,,,,
2967,555:0212:105_100_40_5,train,555.xlsx,downward_crack_5mm,downward_crack,4,105,100,40,5,,,,
2968,555:0213:105_100_35_5,test,555.xlsx,downward_crack_5mm,downward_crack,4,105,100,35,5,,,,
2969,555:0214:105_100_30_5,validation,555.xlsx,downward_crack_5mm,downward_crack,4,105,100,30,5,,,,
2970,555:0215:105_100_25_5,train,555.xlsx,downward_crack_5mm,downward_crack,4,105,100,25,5,,,,
2971,555:0216:105_100_20_5,train,555.xlsx,downward_crack_5mm,downward_crack,4,105,100,20,5,,,,
2972,555:0217:105_100_15_5,train,555.xlsx,downward_crack_5mm,downward_crack,4,105,100,15,5,,,,
2973,555:0218:105_100_10_5,train,555.xlsx,downward_crack_5mm,downward_crack,4,105,100,10,5,,,,
2974,555:0219:105_100_5_5,test,555.xlsx,downward_crack_5mm,downward_crack,4,105,100,5,5,,,,
2975,555:0220:110_100_50_5,train,555.xlsx,downward_crack_5mm,downward_crack,4,110,100,50,5,,,,
2976,555:0221:110_100_45_5,train,555.xlsx,downward_crack_5mm,downward_crack,4,110,100,45,5,,,,
2977,555:0222:110_100_40_5,train,555.xlsx,downward_crack_5mm,downward_crack,4,110,100,40,5,,,,
2978,555:0223:110_100_35_5,train,555.xlsx,downward_crack_5mm,downward_crack,4,110,100,35,5,,,,
2979,555:0224:110_100_30_5,train,555.xlsx,downward_crack_5mm,downward_crack,4,110,100,30,5,,,,
2980,555:0225:110_100_25_5,train,555.xlsx,downward_crack_5mm,downward_crack,4,110,100,25,5,,,,
2981,555:0226:110_100_20_5,train,555.xlsx,downward_crack_5mm,downward_crack,4,110,100,20,5,,,,
2982,555:0227:110_100_15_5,validation,555.xlsx,downward_crack_5mm,downward_crack,4,110,100,15,5,,,,
2983,555:0228:110_100_10_5,train,555.xlsx,downward_crack_5mm,downward_crack,4,110,100,10,5,,,,
2984,555:0229:110_100_5_5,train,555.xlsx,downward_crack_5mm,downward_crack,4,110,100,5,5,,,,
2985,555:0230:115_100_50_5,train,555.xlsx,downward_crack_5mm,downward_crack,4,115,100,50,5,,,,
2986,555:0231:115_100_45_5,train,555.xlsx,downward_crack_5mm,downward_crack,4,115,100,45,5,,,,
2987,555:0232:115_100_40_5,train,555.xlsx,downward_crack_5mm,downward_crack,4,115,100,40,5,,,,
2988,555:0233:115_100_35_5,train,555.xlsx,downward_crack_5mm,downward_crack,4,115,100,35,5,,,,
2989,555:0234:115_100_30_5,train,555.xlsx,downward_crack_5mm,downward_crack,4,115,100,30,5,,,,
2990,555:0235:115_100_25_5,train,555.xlsx,downward_crack_5mm,downward_crack,4,115,100,25,5,,,,
2991,555:0236:115_100_20_5,train,555.xlsx,downward_crack_5mm,downward_crack,4,115,100,20,5,,,,
2992,555:0237:115_100_15_5,train,555.xlsx,downward_crack_5mm,downward_crack,4,115,100,15,5,,,,
2993,555:0238:115_100_10_5,train,555.xlsx,downward_crack_5mm,downward_crack,4,115,100,10,5,,,,
2994,555:0239:115_100_5_5,train,555.xlsx,downward_crack_5mm,downward_crack,4,115,100,5,5,,,,
2995,555:0240:120_100_50_5,train,555.xlsx,downward_crack_5mm,downward_crack,4,120,100,50,5,,,,
2996,555:0241:120_100_45_5,train,555.xlsx,downward_crack_5mm,downward_crack,4,120,100,45,5,,,,
2997,555:0242:120_100_40_5,train,555.xlsx,downward_crack_5mm,downward_crack,4,120,100,40,5,,,,
2998,555:0243:120_100_35_5,train,555.xlsx,downward_crack_5mm,downward_crack,4,120,100,35,5,,,,
2999,555:0244:120_100_30_5,validation,555.xlsx,downward_crack_5mm,downward_crack,4,120,100,30,5,,,,
3000,555:0245:120_100_25_5,validation,555.xlsx,downward_crack_5mm,downward_crack,4,120,100,25,5,,,,
3001,555:0246:120_100_20_5,validation,555.xlsx,downward_crack_5mm,downward_crack,4,120,100,20,5,,,,
3002,555:0247:120_100_15_5,train,555.xlsx,downward_crack_5mm,downward_crack,4,120,100,15,5,,,,
3003,555:0248:120_100_10_5,train,555.xlsx,downward_crack_5mm,downward_crack,4,120,100,10,5,,,,
3004,555:0249:120_100_5_5,train,555.xlsx,downward_crack_5mm,downward_crack,4,120,100,5,5,,,,
3005,555:0250:125_100_50_5,train,555.xlsx,downward_crack_5mm,downward_crack,4,125,100,50,5,,,,
3006,555:0251:125_100_45_5,validation,555.xlsx,downward_crack_5mm,downward_crack,4,125,100,45,5,,,,
3007,555:0252:125_100_40_5,train,555.xlsx,downward_crack_5mm,downward_crack,4,125,100,40,5,,,,
3008,555:0253:125_100_35_5,validation,555.xlsx,downward_crack_5mm,downward_crack,4,125,100,35,5,,,,
3009,555:0254:125_100_30_5,validation,555.xlsx,downward_crack_5mm,downward_crack,4,125,100,30,5,,,,
3010,555:0255:125_100_25_5,train,555.xlsx,downward_crack_5mm,downward_crack,4,125,100,25,5,,,,
3011,555:0256:125_100_20_5,train,555.xlsx,downward_crack_5mm,downward_crack,4,125,100,20,5,,,,
3012,555:0257:125_100_15_5,train,555.xlsx,downward_crack_5mm,downward_crack,4,125,100,15,5,,,,
3013,555:0258:125_100_10_5,train,555.xlsx,downward_crack_5mm,downward_crack,4,125,100,10,5,,,,
3014,555:0259:125_100_5_5,train,555.xlsx,downward_crack_5mm,downward_crack,4,125,100,5,5,,,,
3015,555:0260:130_100_50_5,train,555.xlsx,downward_crack_5mm,downward_crack,4,130,100,50,5,,,,
3016,555:0261:130_100_45_5,train,555.xlsx,downward_crack_5mm,downward_crack,4,130,100,45,5,,,,
3017,555:0262:130_100_40_5,test,555.xlsx,downward_crack_5mm,downward_crack,4,130,100,40,5,,,,
3018,555:0263:130_100_35_5,train,555.xlsx,downward_crack_5mm,downward_crack,4,130,100,35,5,,,,
3019,555:0264:130_100_30_5,train,555.xlsx,downward_crack_5mm,downward_crack,4,130,100,30,5,,,,
3020,555:0265:130_100_25_5,train,555.xlsx,downward_crack_5mm,downward_crack,4,130,100,25,5,,,,
3021,555:0266:130_100_20_5,train,555.xlsx,downward_crack_5mm,downward_crack,4,130,100,20,5,,,,
3022,555:0267:130_100_15_5,train,555.xlsx,downward_crack_5mm,downward_crack,4,130,100,15,5,,,,
3023,555:0268:130_100_10_5,train,555.xlsx,downward_crack_5mm,downward_crack,4,130,100,10,5,,,,
3024,555:0269:130_100_5_5,train,555.xlsx,downward_crack_5mm,downward_crack,4,130,100,5,5,,,,
3025,555:0270:135_100_50_5,test,555.xlsx,downward_crack_5mm,downward_crack,4,135,100,50,5,,,,
3026,555:0271:135_100_45_5,train,555.xlsx,downward_crack_5mm,downward_crack,4,135,100,45,5,,,,
3027,555:0272:135_100_40_5,train,555.xlsx,downward_crack_5mm,downward_crack,4,135,100,40,5,,,,
3028,555:0273:135_100_35_5,validation,555.xlsx,downward_crack_5mm,downward_crack,4,135,100,35,5,,,,
3029,555:0274:135_100_30_5,train,555.xlsx,downward_crack_5mm,downward_crack,4,135,100,30,5,,,,
3030,555:0275:135_100_25_5,train,555.xlsx,downward_crack_5mm,downward_crack,4,135,100,25,5,,,,
3031,555:0276:135_100_20_5,test,555.xlsx,downward_crack_5mm,downward_crack,4,135,100,20,5,,,,
3032,555:0277:135_100_15_5,train,555.xlsx,downward_crack_5mm,downward_crack,4,135,100,15,5,,,,
3033,555:0278:135_100_10_5,train,555.xlsx,downward_crack_5mm,downward_crack,4,135,100,10,5,,,,
3034,555:0279:135_100_5_5,train,555.xlsx,downward_crack_5mm,downward_crack,4,135,100,5,5,,,,
3035,555:0280:140_100_50_5,train,555.xlsx,downward_crack_5mm,downward_crack,4,140,100,50,5,,,,
3036,555:0281:140_100_45_5,test,555.xlsx,downward_crack_5mm,downward_crack,4,140,100,45,5,,,,
3037,555:0282:140_100_40_5,train,555.xlsx,downward_crack_5mm,downward_crack,4,140,100,40,5,,,,
3038,555:0283:140_100_35_5,train,555.xlsx,downward_crack_5mm,downward_crack,4,140,100,35,5,,,,
3039,555:0284:140_100_30_5,train,555.xlsx,downward_crack_5mm,downward_crack,4,140,100,30,5,,,,
3040,555:0285:140_100_25_5,train,555.xlsx,downward_crack_5mm,downward_crack,4,140,100,25,5,,,,
3041,555:0286:140_100_20_5,train,555.xlsx,downward_crack_5mm,downward_crack,4,140,100,20,5,,,,
3042,555:0287:140_100_15_5,train,555.xlsx,downward_crack_5mm,downward_crack,4,140,100,15,5,,,,
3043,555:0288:140_100_10_5,train,555.xlsx,downward_crack_5mm,downward_crack,4,140,100,10,5,,,,
3044,555:0289:140_100_5_5,train,555.xlsx,downward_crack_5mm,downward_crack,4,140,100,5,5,,,,
